food_id,dest_id,city,dish_name,store_name,branch_note,address,lat,lng,price_per_person,price_confidence,rating,rating_source,list_source,list_year,queue_level,best_time,open_time,closed_day,is_local_only,why_worth,avoid_tip,src_confidence,verified,source_url,last_check_date,note
F001,D001,成都,麻婆豆腐,陈麻婆豆腐,青羊正街总店口碑最稳；分店水平有波动,青羊区青羊正街,,,60,low,,,中华老字号,,3,11:00 开门即到或 13:30 后,,,1,麻婆豆腐发源店；但要注意这道菜本身很辣很麻,本店麻味极重；不吃麻的人先说明或换菜,high,0,,,店确凿存在；人均为估值待核实
F002,D001,成都,抄手,龙抄手,春熙路总店是游客主场；本地人多去社区分店,锦江区春熙路,,,45,low,,,中华老字号,,3,14:00-16:00 避峰,,,1,春熙路总店游客密度高；点小吃套餐比单点划算,春熙路总店是游客主场且价格偏高；点小吃套餐比单点划算,high,0,,,同上
F003,D001,成都,钟水饺,钟水饺,,锦江区,,,25,low,,,中华老字号,,2,全天,,,1,甜辣口的红油水饺；和北方水饺完全不是一回事,甜辣红油口；不是北方水饺的做法别期待错,high,0,,,同上
F004,D001,成都,赖汤圆,赖汤圆,,锦江区总府路一带,,,25,low,,,中华老字号,,2,全天,,,1,黑芝麻汤圆；建议和钟水饺一起当小吃拼盘,,high,0,,,同上
F005,D001,成都,韩包子,韩包子,,青羊区红星路一带,,,25,low,,,中华老字号,,2,早餐时段,,,1,鲜肉包与豆腐包；早餐场景,只适合当早餐；中午去意义不大,high,0,,,同上
F006,D001,成都,家常川菜,明婷饭店,只有本店；没有分店,武侯区,,,90,low,,,地标老店,,5,11:00 前到或提前订位,,,1,成都最知名的苍蝇馆子之一；脑花豆腐与蒜泥白肉,必须避开饭点；店在小区里不好找且常排队一小时以上,mid,0,,,极热门需排队；地址与营业时间务必先查
F007,D001,成都,火锅,电台巷火锅,本地人常去；多家分店,武侯区电台巷一带,,,130,low,,,地标老店,,5,开餐前 30 分钟取号,,,1,本地热度长期居前；排队是常态,排队是常态；到店先取号再去逛,mid,0,,,人均随锅底菜品浮动大
F008,D001,成都,凉粉,洞子口张老二凉粉,文殊院附近总店,青羊区,,,15,low,,,地标老店,,3,下午茶点时段,,,1,甜水面与伤心凉粉；小吃单价低适合多尝,,mid,0,,,
F009,D001,成都,锅盔,严太婆锅盔,,青羊区,,,12,low,,,地标老店,,4,避开正午,,,1,现打锅盔夹凉菜；站着吃的路边小吃,现打现卖；过了饭点常卖完,mid,0,,,
F010,D001,成都,肥肠粉,甘记肥肠粉,,青羊区,,,20,low,,,地标老店,,3,早餐或下午,,,1,肥肠粉配节子与锅盔是标准吃法,,mid,0,,,
F011,D001,成都,盖碗茶,鹤鸣茶社,人民公园内,青羊区人民公园,30.6650,104.0630,20,low,,,地标老店,,2,工作日上午,06:00,,1,不是餐厅是体验；一杯茶坐一上午看成都人生活,周末正午抢不到位置；工作日上午最舒服,high,0,,,茶水价格需核实
F012,D002,西安,羊肉泡馍,老孙家饭庄,东关正街一带为老店,碑林区东关正街,,,70,low,,,中华老字号,,3,11:00-11:30 开餐即到,,,1,自己掰馍是仪式；掰得越碎越入味,东关正街老店与景区分店口味有差；认准老店,high,0,,,店确凿存在；人均为估值待核实
F013,D002,西安,羊肉泡馍,同盛祥,钟楼附近店游客多,碑林区,,,70,low,,,中华老字号,,4,避开 12:00-13:30,,,1,与老孙家并称；两家选一家即可不必都吃,钟楼附近店游客密度高；和老孙家选一家就够不必都吃,high,0,,,同上
F014,D002,西安,葫芦头泡馍,春发生,,碑林区南院门一带,,,55,low,,,中华老字号,,3,11:30 前,,,1,葫芦头是猪大肠；比羊肉泡馍更考验接受度,葫芦头是猪大肠；接受度因人而异先点小份,high,0,,,同上
F015,D002,西安,饺子宴,德发长,钟楼店为主店,碑林区钟楼,,,80,low,,,中华老字号,,3,提前订位,,,1,多种馅料的饺子宴；适合多人分食,,high,0,,,同上
F016,D002,西安,肉夹馍,秦豫肉夹馍,东关正街本店；只有一家,碑林区东关正街,,,15,low,,,地标老店,,5,11:00 开门即排；卖完就关,,,1,本地公认腊汁肉夹馍标杆；常在下午就售完,只有东关正街一家没有分店；常在下午就售完要早去,mid,0,,,营业时间不固定卖完即止
F017,D002,西安,腊汁肉夹馍,樊记腊汁肉,竹笆市老店,碑林区竹笆市,,,15,low,,,中华老字号,,4,上午,,,1,老字号腊汁肉；肥瘦可选,竹笆市老店为正源；同名店很多注意分辨,high,0,,,
F018,D002,西安,肉夹馍,子午路张记肉夹馍,多家分店,雁塔区子午路一带,,,15,low,,,地标老店,,3,全天,,,1,本地连锁中口碑较稳；比回民街便宜且更地道,,mid,0,,,
F019,D002,西安,小酥肉,定家小酥肉,回坊内但属本地人认可的一家,莲湖区大皮院,,,35,low,,,地标老店,,4,避开饭点,,,1,回坊里少数本地人也认的店；小酥肉配辣子,回坊内游客价普遍偏高；这家是本地人也认的少数几家之一,mid,0,,,
F020,D002,西安,甑糕,东南亚甑糕,西羊市,莲湖区西羊市,,,10,low,,,地标老店,,4,早餐时段；卖完为止,,,1,糯米红枣蒸糕；甜口早餐,卖完即止；上午去,mid,0,,,
F021,D002,西安,水盆羊肉,老白家水盆羊肉,,莲湖区,,,40,low,,,地标老店,,3,早中餐,,,1,清汤羊肉配月牙饼；比泡馍清爽,,mid,0,,,
F022,D003,杭州,西湖醋鱼,楼外楼,孤山路总店,西湖区孤山路,30.2450,120.1400,220,low,,,中华老字号,,3,提前订位；午市人少,,,1,西湖醋鱼的标杆店；景观位置极好,西湖醋鱼评价两极且人均偏高；把它当仪式而非美味,high,0,,,
F023,D003,杭州,杭帮菜点心,知味观,总店在仁和路；景区店偏游客,上城区仁和路,,,80,low,,,中华老字号,,3,避开饭点,,,1,猫耳朵与小笼是招牌；点心比大菜稳,湖滨与景区分店价格更高口味一般；去仁和路总店,high,0,,,
F024,D003,杭州,虾爆鳝面,奎元馆,解放路总店,上城区解放路,,,60,low,,,中华老字号,,3,11:00-11:30,,,1,百年面馆；虾爆鳝面是招牌,虾爆鳝面是招牌；其他面性价比一般,high,0,,,
F025,D003,杭州,宋嫂鱼羹,皇饭儿,,上城区高银街一带,,,90,low,,,中华老字号,,3,提前订位,,,1,宋嫂鱼羹与东坡肉；南宋风味主题,,mid,0,,,
F026,D003,杭州,片儿川,菊英面店,馒头山本店,上城区馒头山,,,35,low,,,地标老店,,4,11:00 前,,,1,本地人公认片儿川前列；腰花拌川也强,11 点前到；晚了要排队且可能卖完,mid,0,,,
F027,D003,杭州,拌川,方老大面馆,,上城区,,,35,low,,,地标老店,,4,11:00 前或 13:30 后,,,1,猪肝拌川与虾爆鳝；本地面馆代表,避开 11:30-13:00；本地人多,mid,0,,,
F028,D003,杭州,家常杭帮菜,新白鹿餐厅,多家分店；商场店排队久,全市多店,,,70,low,,,地标老店,,4,取号后逛商场,,,1,本地人请客高频选择；性价比是核心优势,商场店取号常等一小时；避开饭点或提前取号,high,0,,,
F029,D003,杭州,杭帮菜,王润兴酒楼,,上城区,,,80,low,,,中华老字号,,3,提前订位,,,1,老字号江南菜；鱼头豆腐是招牌,,mid,0,,,
F030,D003,杭州,龙井茶,—,建议到龙井村茶农家或正规茶叶店,西湖区龙井村,30.2280,120.1280,-1,low,,,地方特色,,1,采茶季 3-4 月,,,1,明前龙井是真贵；不懂行建议只买小包尝味,不要在景区路边摊买茶；以次充好普遍,mid,0,,,没有指定店铺
F031,D004,重庆,火锅,—,本地人多去社区老店而非网红店,渝中区与江北区居多,,,120,low,,,地方特色,,4,避开 19:00-20:30,,,1,九宫格与毛肚鸭肠；重庆火锅牛油为主比成都更燥,网红店排队 2 小时不值；找社区老店,mid,0,,,未指定具体店需补充
F032,D004,重庆,小面,—,街边老店为主,全市,,,12,low,,,地方特色,,3,早餐时段,,,1,二两小面加豌杂是标准早餐,街边老店为主；连锁店没有本地味,mid,0,,,未指定具体店需补充
F033,D003,杭州,连锁杭帮菜,外婆家与绿茶等杭州起源连锁,全国已开店,全市多店,,,70,low,,,地方特色,,3,避开饭点,,,0,发源于杭州的连锁品牌；口味已标准化,在杭州吃这些等于没吃本地菜；本地人请客不会选这里,high,0,,,列入库中是为了让推荐引擎主动避开它
F034,D013,上海,小笼,南翔馒头店,豫园总店游客最多,黄浦区豫园,,,80,low,,,中华老字号,,4,11:00 前,,,1,南翔小笼的名义发源店；豫园九曲桥畔,豫园店是游客主场且排队久；市区分店出餐更快,high,0,,,
F035,D013,上海,蟹粉小笼与点心,王家沙,,静安区南京西路,,,70,low,,,中华老字号,,3,,,,1,点心质量稳定；蟹粉系列是招牌,南京西路总店人多；买外带点心比堂吃快,high,0,,,
F036,D013,上海,糕团,沈大成,,黄浦区南京东路,,,30,low,,,中华老字号,,3,,,,1,青团与条头糕是本地人节令必买,清明前后青团要排长队；平时随时买得到,high,0,,,
F037,D013,上海,白斩鸡,小绍兴,,黄浦区云南南路,,,60,low,,,中华老字号,,3,,,,1,三黄鸡配鸡粥是上海夜宵的老配方,云南南路总店周边还有多家同名店；认准老字号招牌,high,0,,,
F038,D013,上海,焖蹄面,德兴馆,,黄浦区广东路,,,55,low,,,中华老字号,,3,,,,1,焖蹄与虾仁面是本帮面的标准,广东路老店与分店水平有差；老店更稳,high,0,,,
F039,D013,上海,刀鱼汁面,老半斋,,黄浦区福州路,,,50,low,,,中华老字号,,3,,,,1,刀鱼汁面是春季限定；肴肉也好,刀鱼汁面只在春季供应；其他季节去吃不到,high,0,,,
F040,D013,上海,排骨年糕,鲜得来,,黄浦区,,,35,low,,,中华老字号,,3,,,,1,上海本帮小吃的代表组合,多家分店；口味略有差异,mid,0,,,
F041,D013,上海,生煎,大壶春,,黄浦区四川中路,,,30,low,,,中华老字号,,4,,,,1,清水生煎流派代表；不流汤是特点,想吃流汤生煎的会失望；那是另一个流派,high,0,,,
F042,D013,上海,熟食与鲜肉月饼,光明邨大酒家,,黄浦区淮海中路,,,45,low,,,地标老店,,5,避开中秋前两周,,,1,本地人买熟食的据点；鲜肉月饼中秋前排长队,中秋前排队常超一小时；熟食窗口和堂吃是两条队,high,0,,,
F043,D013,上海,黄鱼面,阿娘面馆,,黄浦区思南路一带,,,45,low,,,地标老店,,4,,,,1,黄鱼面的本地标杆；汤头浓,店面小座位少；饭点要等,mid,0,,,
F044,D013,上海,本帮菜,兰心餐厅,,黄浦区进贤路,,,80,low,,,地标老店,,5,开餐前到,,,1,进贤路上的本帮小馆；红烧肉与草头圈子,只有一家且座位极少；必须提前排队或订位,mid,0,,,
F045,D013,上海,本帮菜,海金滋,,黄浦区进贤路一带,,,90,low,,,地标老店,,4,,,,1,浓油赤酱的老派本帮；八宝辣酱与油爆虾,需提前订位；人均比兰心略高,mid,0,,,
F046,D014,苏州,松鼠鳜鱼,松鹤楼,,姑苏区观前街,,,220,low,,,中华老字号,,3,,,,1,松鼠鳜鱼的名义发源店；苏帮菜标杆,人均偏高且观前街店游客多；把它当仪式,high,0,,,
F047,D014,苏州,苏帮菜,得月楼,,姑苏区太监弄,,,180,low,,,中华老字号,,3,,,,1,与松鹤楼并称；船点与响油鳝糊,两家选一家即可不必都吃,high,0,,,
F048,D014,苏州,汤面,朱鸿兴,,姑苏区,,,30,low,,,中华老字号,,4,11:00 前,,,1,苏式汤面的标准；焖肉面与三虾面,三虾面只在夏季供应且价格高；平时吃焖肉面,high,0,,,
F049,D014,苏州,枫镇大肉面,同得兴,,姑苏区,,,45,low,,,地标老店,,4,,,,1,枫镇大肉面是夏季限定的白汤面,枫镇大肉面只在夏季供应；其他季节去吃不到,mid,0,,,
F050,D014,苏州,糕团,黄天源,,姑苏区观前街,,,25,low,,,中华老字号,,3,,,,1,苏式糕团的老铺；节令品种多,现做现卖；下午品种减少,high,0,,,
F051,D014,苏州,生煎,哑巴生煎,,姑苏区临顿路一带,,,20,low,,,地标老店,,4,,,,1,本地人早餐首选之一；皮薄底脆,卖完就关；上午去,mid,0,,,
F052,D014,苏州,焖肉面与三虾面,裕兴记,,姑苏区,,,60,low,,,地标老店,,4,,,,1,三虾面的本地标杆；夏季限定,三虾面时价且不便宜；非夏季没有,mid,0,,,
F053,D015,南京,素菜与素什锦,绿柳居,,秦淮区太平南路,,,80,low,,,中华老字号,,3,,,,1,百年素菜馆；素什锦与素烧鹅,外带熟食窗口比堂吃快,high,0,,,
F054,D015,南京,清真菜,马祥兴菜馆,,鼓楼区云南北路,,,110,low,,,中华老字号,,3,,,,1,美人肝与松鼠鱼是招牌；清真老馆,美人肝供应量有限；去晚可能没有,high,0,,,
F055,D015,南京,盐水鸭与板鸭,韩复兴,,秦淮区,,,60,low,,,中华老字号,,3,,,,1,盐水鸭的老字号；买整只带走,是熟食铺不是餐厅；没有堂吃,high,0,,,
F056,D015,南京,糕团,莲湖糕团店,,秦淮区评事街,,,25,low,,,中华老字号,,3,,,,1,赤豆元宵与五色糕团；老城南的味道,现做现卖；下午品种少,mid,0,,,
F057,D015,南京,糯米蛋与赤豆元宵,芳婆糕团店,认准本店，仿店很多,秦淮区,,,20,low,,,地标老店,,5,上午,,,1,糯米蛋是本地人排队买的招牌,只有本店且常排长队；卖完就关,mid,0,,,
F058,D015,南京,鸭血粉丝与锅贴,蒋有记,,秦淮区,,,30,low,,,地标老店,,4,,,,1,锅贴与牛肉汤是老城南组合,夫子庙一带同名店多；认准老店,mid,0,,,
F059,D015,南京,豆腐涝与葱油饼,六凤居,,秦淮区夫子庙,,,20,low,,,中华老字号,,3,,,,1,豆腐涝配葱油饼是南京早餐经典,在夫子庙景区内；价格略高于社区店,mid,0,,,
F060,D015,南京,汤包,鸡鸣汤包,,秦淮区,,,25,low,,,地标老店,,4,,,,1,皮薄汁多；本地人常吃的早点,多家分店；口味有差异,mid,0,,,
F061,D015,南京,锅贴,小潘记锅贴,,秦淮区,,,20,low,,,地标老店,,4,,,,1,本地锅贴的代表；现煎现卖,店小要等；卖完即止,mid,0,,,
F062,D015,南京,鸡汁汤包,尹氏鸡汁汤包,,全市多店,,,25,low,,,地标老店,,3,,,,1,本地连锁中口碑较稳的早点,是本地连锁不是单店；各店水平略有差异,mid,0,,,
F063,D043,北京,挂炉烤鸭,全聚德,,东城区前门,,,260,low,,,中华老字号,,3,,,,1,挂炉烤鸭的名义代表；前门店是总店,人均高且评价两极；本地人更多去四季民福或大董。当仪式而非美味,high,0,,,
F064,D043,北京,焖炉烤鸭,便宜坊,,东城区崇文门一带,,,200,low,,,中华老字号,,3,,,,1,焖炉流派的代表；和挂炉是两种做法,与全聚德选一家即可；焖炉皮更酥,high,0,,,
F065,D043,北京,烤鸭,四季民福,故宫店景观位最难排,东城区南池子大街等多店,,,180,low,,,地标老店,,5,取号后先逛,,,1,本地人请客的高频选择；性价比优于老字号,故宫店排队常超两小时；取号后去逛再回来,high,0,,,
F066,D043,北京,涮羊肉,东来顺,,东城区王府井,,,160,low,,,中华老字号,,3,,,,1,清汤铜锅涮肉的老字号；手切羊肉,王府井店游客多；社区分店更从容,high,0,,,
F067,D043,北京,涮羊肉与牛肉,牛街聚宝源,,西城区牛街,,,150,low,,,地标老店,,5,避开饭点,,,1,本地涮肉的口碑标杆；门口熟食窗口也排队,排队常超两小时；工作日下午去或直接买熟食,high,0,,,
F068,D043,北京,砂锅白肉,砂锅居,,西城区西四,,,120,low,,,中华老字号,,3,,,,1,砂锅系列是清代传下来的做法,口味偏清淡；期待浓味的会失望,high,0,,,
F069,D043,北京,烧麦,都一处,,东城区前门大街,,,80,low,,,中华老字号,,3,,,,1,三十六褶烧麦；乾隆题匾的老铺,前门店游客密度高,high,0,,,
F070,D043,北京,京味小吃,护国寺小吃,,西城区护国寺街,,,35,low,,,中华老字号,,3,,,,1,一站尝到豆汁焦圈艾窝窝等；适合试口味,豆汁接受度极低；先点一小碗试,high,0,,,
F071,D043,北京,炒肝与卤煮,姚记炒肝,,东城区鼓楼一带,,,40,low,,,地标老店,,4,,,,1,炒肝的本地标杆；配包子,鼓楼店游客多；炒肝口感需适应,mid,0,,,
F072,D043,北京,豆汁与焦圈,尹三豆汁,,西城区,,,20,low,,,地标老店,,3,,,,1,老北京豆汁的本味；本地人早餐,豆汁味道极特殊；第一次务必只点一小碗,mid,0,,,
F073,D043,北京,馄饨,馄饨侯,,全市多店,,,30,low,,,中华老字号,,2,,,,1,清汤馄饨的老字号；配烧饼,多家分店；口味标准化,mid,0,,,
F074,D043,北京,点心与糕点,北京稻香村,,全市多店,,,40,low,,,中华老字号,,3,,,,1,京式点心的代表；牛舌饼与枣花酥,与苏州稻香村是两家不同企业；北京认三禾稻香村,high,0,,,
F075,D015,南京,牛肉锅贴与羊肉汤,李记清真馆,,秦淮区科巷,,,30,low,,,地标老店,,4,11:00 前,,,1,科巷一带回族老馆；牛肉锅贴与羊杂汤是本地人早中饭,现煎现卖常排队；过了饭点锅贴就卖完,mid,0,,,
F076,D015,南京,活珠子与糕团,科巷菜场熟食摊,,秦淮区科巷菜场,,,15,low,,,地方特色,,3,上午,,,1,科巷菜场本身就是南京人的小吃据点；熟食与糕团摊集中,是菜场不是餐厅，多为外带；下午品种少,low,0,,,摊位常有变动，具体店名需实地确认
F077,D015,南京,鸭油酥烧饼,刘长兴,,全市多店,,,20,low,,,中华老字号,,3,,,,1,鸭油酥烧饼与小煮面；南京早点老铺,多家分店，口味有差异,mid,0,,,
F078,D015,南京,皮肚面,项记面馆,,鼓楼区,,,25,low,,,地标老店,,4,,,,1,南京皮肚面的代表；大碗料足,分量极大，两人可点一碗多；饭点要等,mid,0,,,
F079,D015,南京,小笼包与蟹黄包,鸡鸣汤包科巷店,,秦淮区科巷,,,25,low,,,地标老店,,4,,,,1,科巷一带的汤包据点；本地人早点,与总店口味略有差异,low,0,,,
F080,D015,南京,盐水鸭,章云板鸭,,秦淮区,,,55,low,,,地标老店,,3,,,,1,本地老牌鸭子铺；盐水鸭与烤鸭都做,是熟食铺；按只卖没有堂吃,mid,0,,,
F081,D015,南京,牛肉面,六华春,,秦淮区,,,45,low,,,中华老字号,,3,,,,1,老字号淮扬菜馆；狮子头与牛肉面,价格中等偏上；招牌是大菜不是面,low,0,,,
F082,D015,南京,梅花糕与糖粥藕,夫子庙一带小吃摊,,秦淮区,,,15,low,,,地方特色,,3,,,,1,梅花糕是南京节令小吃；糖粥藕配桂花,夫子庙摊位价格偏高；科巷或社区摊更实在,low,0,,,具体摊位不固定
F083,D057,厦门,花生汤与油条,黄则和花生汤,,思明区中山路,,,25,low,,,中华老字号,,3,早餐时段,,,1,花生汤是厦门早点的标配；配油条或咸五香,中山路总店游客多；本地人多去分店,high,0,,,
F084,D057,厦门,沙茶面,乌糖沙茶面,只有本店,思明区民族路一带,,,25,low,,,地标老店,,5,开门即到,,,1,本地公认沙茶面第一梯队；汤头浓,常排队一小时以上且下午就收；不接受等待就换月华,high,0,,,
F085,D057,厦门,沙茶面,月华沙茶面,,思明区大生里,,,25,low,,,地标老店,,4,上午,,,1,与乌糖并称；排队相对短一些,同样卖完即止；避开饭点,mid,0,,,
F086,D057,厦门,五香与炸物,吴再添小吃店,,思明区,,,30,low,,,中华老字号,,3,避开饭点,,,1,老字号小吃集合；沙茶面、五香、扁食都有,是快餐式小吃店不要期待环境；点单在窗口,high,0,,,
F087,D057,厦门,薄饼与烧肉粽,好清香,,思明区,,,60,low,,,中华老字号,,3,,,,1,厦门薄饼（春卷）与烧肉粽的老字号,人均比路边小吃高；适合正餐,high,0,,,
F088,D057,厦门,馅饼与绿豆饼,阿吉仔,,思明区局口街,,,20,low,,,中华老字号,,3,,,,1,厦门馅饼老铺；带回去当手信比游客店的便宜实在,中山路一带有多家同名店；认准老铺,high,0,,,
F089,D057,厦门,扁食与拌面,赖厝埕扁食店,,思明区,,,20,low,,,地标老店,,4,上午或夜里,,,1,本地人当早餐和夜宵的扁食；汤清,店小座位少；高峰要等,mid,0,,,
F090,D057,厦门,麻糍,叶氏麻糍,,鼓浪屿龙头路,,,5,low,,,地标老店,,4,,,,1,鼓浪屿上推车卖的麻糍；几块钱一个,在鼓浪屿龙头路一带流动售卖；找不到就问岛上居民,mid,0,,,
F091,D057,厦门,烧肉粽,1980烧肉粽,,思明区,,,25,low,,,地标老店,,3,,,,1,本地老店；烧肉粽配沙茶面是标准组合,多家分店口味略有差异,mid,0,,,
F092,D057,厦门,海蛎煎与土笋冻,八市内海鲜加工店,八市内多家,思明区第八菜市场,,,70,low,,,地方特色,,3,上午买下午做,,,1,在八市买海鲜现场加工；比餐厅便宜得多,务必先问加工费与做法单价；看秤，这是最容易被坑的环节,mid,0,,,加工费需现场谈定
F093,D057,厦门,姜母鸭,—,,全市多店,,,60,low,,,地方特色,,3,,,,1,闽南冬春的进补菜；砂锅现煨,连锁店与社区老店差别大；本地社区店更实在,low,0,,,未指定具体店需补充
F094,D057,厦门,网红奶茶与伴手礼,鼓浪屿龙头路一带店铺,,鼓浪屿龙头路,,,40,low,,,地方特色,,3,,,,0,张三疯、赵小姐等是营销产物,价格是市区两倍以上且多为标准化产品；要买手信去阿吉仔或市区超市,high,0,,,
F095,D047,邯郸,烧鸡,二毛烧鸡,大名总店为正源,大名县,,,60,low,,,中华老字号,,3,,,,1,大名县的百年烧鸡；邯郸最有名的一样吃食,总店在大名县距市区约 1 小时；市区有分店但口味有差异,high,0,,,中华老字号身份确凿；门店与价格需核实
F096,D047,邯郸,火烧,郭八火烧,,大名县,,,15,low,,,地标老店,,3,,,,1,大名的层酥火烧；配烧鸡是标准组合,同样在大名县；市区仿店多,mid,0,,,
F097,D047,邯郸,香肠,五百居香肠,,大名县,,,40,low,,,中华老字号,,2,,,,1,大名三宝之一；与二毛烧鸡郭八火烧并称,是熟食铺按斤卖；没有堂吃,mid,0,,,
F098,D047,邯郸,水饺,一篓油水饺,,邯郸市区,,,35,low,,,地标老店,,3,,,,1,邯郸本地老牌水饺；本地人办事请客都来,多家分店口味略有差异,mid,0,,,
F099,D047,邯郸,骨酥鱼,—,,市区多店,,,50,low,,,地方特色,,3,,,,1,邯郸特色做法，鱼骨酥烂可整条吃,连锁店与社区老店差别大；没有公认的唯一标杆店,low,0,,,未指定具体店需补充
F100,D047,邯郸,拽面,—,,市区多店,,,15,low,,,地方特色,,3,,,,1,邯郸本地面食，宽厚有嚼劲,街边面馆为主；连锁店没有本地味,low,0,,,未指定具体店需补充
F101,D047,邯郸,驴肉与驴肉火烧,永年驴肉,,永年区,,,35,low,,,地方特色,,3,,,,1,永年区的驴肉香肠与火烧,认准永年本地店；外地同名店水平不一,low,0,,,
F102,D023,长沙,臭豆腐与小吃,火宫殿,坡子街总店,天心区坡子街,,,60,low,,,中华老字号,,4,避开饭点,,,1,长沙小吃的集合点；臭豆腐、糖油粑粑、姊妹团子,坡子街总店游客密度高；口味偏标准化，本地人更多去社区摊,high,0,,,
F103,D023,长沙,湘菜,玉楼东,,天心区,,,90,low,,,中华老字号,,3,,,,1,百年湘菜馆；麻辣子鸡与组庵鱼翅是老招牌,人均比社区湘菜馆高；适合正餐,high,0,,,
F104,D023,长沙,面,杨裕兴,,全市多店,,,25,low,,,中华老字号,,3,早餐,,,1,长沙老牌面馆；肉丝码面与酱油码,多家分店；口味标准化,high,0,,,
F105,D023,长沙,馄饨,双燕楼,,天心区,,,20,low,,,中华老字号,,3,,,,1,老字号馄饨；皮薄汤清,店面简单；主要吃早餐,mid,0,,,
F106,D023,长沙,包子,德园,,天心区,,,20,low,,,中华老字号,,3,,,,1,长沙老包子铺；糖包与菜包,现做现卖；下午品种少,mid,0,,,
F107,D023,长沙,奶茶,茶颜悦色,,全市密集,,,20,low,,,地标老店,,3,,,,1,长沙本地奶茶；幽兰拿铁是招牌,门店已经很多，不用专门排长队；机场和车站店价格一样,high,0,,,
F108,D023,长沙,小龙虾与湘菜,文和友,,天心区海信广场,,,130,low,,,地标老店,,5,避开周末,,,1,把老长沙街景搬进商场的网红餐厅；口味虾是主打,排队常 3-4 小时，本地人基本不去了。想吃虾去社区虾店更实在,high,0,,,
F109,D023,长沙,口味虾,—,,市区多店,,,120,low,,,地方特色,,4,5-8 月夜里,,,1,长沙夏季夜宵的主角；5-8 月最肥,季节性极强，秋冬去吃不到好的；社区虾店比网红店实在,mid,0,,,未指定具体店需补充
F110,D023,长沙,糖油粑粑,—,,市区街边,,,10,low,,,地方特色,,3,,,,1,现炸的糯米粑粑裹糖浆；街边小摊,要吃刚出锅的；凉了口感差很多,low,0,,,未指定具体店需补充
F111,D024,张家界,三下锅,—,,市区多店,,,70,low,,,地方特色,,3,,,,1,湘西做法的干锅；腊肉萝卜是常见组合,景区里的餐厅价格高且一般；回市区吃,low,0,,,未指定具体店需补充
F112,D025,湘西,姜糖与血粑鸭,—,,凤凰古城内,,,60,low,,,地方特色,,3,,,,1,姜糖是凤凰手信；血粑鸭是湘西菜,古城里的餐厅普遍贵且口味一般；姜糖店家家都说是百年老店，随便买一家即可,low,0,,,未指定具体店需补充
F113,D001,成都,火锅,龙户人家串串香火锅(成都新街里店),,荟锦路166号2楼,30.591022,104.055386,82,mid,4.9,高德,高德POI,,,,周一至周日 11:00-02:00,,1,高德评分 4.9 的火锅店,,mid,0,高德POI:B0J3X4UZ08,,高德批量拉取；评分与人均来自高德，非大众点评
F114,D001,成都,火锅,皇城老妈火锅(皇城店),,二环路南三段20号,30.621677,104.052475,115,mid,4.8,高德,高德POI,,,,周一至周日 11:00-23:00,,1,高德评分 4.8 的火锅店,,mid,0,高德POI:B001C0899I,,高德批量拉取；评分与人均来自高德，非大众点评
F115,D001,成都,火锅,天星正源火锅(海椒市店),,海椒市街10-12号,30.638695,104.101907,99,mid,4.8,高德,高德POI,,,,周一至周日 11:30-01:30,,1,高德评分 4.8 的火锅店,,mid,0,高德POI:B0LRFM6QGW,,高德批量拉取；评分与人均来自高德，非大众点评
F116,D001,成都,串串香,龙户人家串串香(奎星楼店),,吉祥苑39号附一号,30.669821,104.052201,85,mid,4.8,高德,高德POI,,,,周一至周日 11:00-02:00,,1,高德评分 4.8 的串串香店,,mid,0,高德POI:B0KGNHZC4U,,高德批量拉取；评分与人均来自高德，非大众点评
F117,D001,成都,串串香,龙户人家串串香店(建设路店),,建设南新路77号附6号(新鸿路地铁站D口步行320米),30.664824,104.105558,64,mid,4.8,高德,高德POI,,,,周一至周日 11:00-02:00,,1,高德评分 4.8 的串串香店,,mid,0,高德POI:B0JRJRJRNF,,高德批量拉取；评分与人均来自高德，非大众点评
F118,D001,成都,串串香,叁角叁串串香,,三多里84号附5号,30.665211,104.071484,50,mid,4.7,高德,高德POI,,,,周一至周日 11:00-02:00,,1,高德评分 4.7 的串串香店,,mid,0,高德POI:B0K0D1GWCM,,高德批量拉取；评分与人均来自高德，非大众点评
F119,D001,成都,综合酒楼,陈麻婆(金沙店),,同盛路3号1栋1-3层,30.679172,104.019401,77,mid,4.7,高德,高德POI,,,,周一至周日 11:00-21:00,,1,高德评分 4.7；搜「麻婆豆腐」时命中，实际是综合酒楼,,mid,0,高德POI:B0FFFDQS81,,高德批量拉取；评分与人均来自高德，非大众点评
F120,D001,成都,四川菜(川菜),万重锦·人文川菜馆,,顺城大街289号富力天汇购物广场L1层,30.666395,104.070012,74,mid,4.6,高德,高德POI,,,,周一至周日 09:00-21:30,,1,高德评分 4.6；搜「麻婆豆腐」时命中，实际是四川菜(川菜),,mid,0,高德POI:B0FFIR9XU6,,高德批量拉取；评分与人均来自高德，非大众点评
F121,D001,成都,中餐厅,莫家牛肉馆(红牌楼店),,红牌楼北街21号1栋2单元3号,30.634029,104.036045,48,mid,4.6,高德,高德POI,,,,周一至周日 10:30-21:00,,1,高德评分 4.6；搜「麻婆豆腐」时命中，实际是中餐厅,,mid,0,高德POI:B001C06X1K,,高德批量拉取；评分与人均来自高德，非大众点评
F122,D001,成都,钟水饺,钟水饺实业街店,,实业街59号附21号(宽窄巷子地铁站D口步行480米),30.668206,104.049111,22,mid,4.6,高德,高德POI,,,,周一至周日 07:00-23:30,,1,高德评分 4.6 的钟水饺店,,mid,0,高德POI:B0G0Z5YZIH,,高德批量拉取；评分与人均来自高德，非大众点评
F123,D001,成都,钟水饺,金芙蓉 钟水饺,,草市街街道白云寺街30号文殊坊内(东南角),30.672605,104.074138,38,mid,4.6,高德,高德POI,,,,周一至周日 09:00-21:00,,1,高德评分 4.6 的钟水饺店,,mid,0,高德POI:B0G3DC28WP,,高德批量拉取；评分与人均来自高德，非大众点评
F124,D001,成都,钟水饺,钟水饺·师友面(曹家巷店),,马鞍南路35号(红星桥地铁站F口步行470米),30.673798,104.085180,24,mid,4.5,高德,高德POI,,,,周一至周日 07:00-24:00 2026-02-17至2026-02-23 ,,1,高德评分 4.5 的钟水饺店,,mid,0,高德POI:B001C7VS82,,高德批量拉取；评分与人均来自高德，非大众点评
F125,D001,成都,肥肠粉,白家高记肥肠粉(成都双流区),,正东中街28号,30.502997,104.058959,19,mid,4.7,高德,高德POI,,,,周一至周日 07:00-20:30,,1,高德评分 4.7 的肥肠粉店,,mid,0,高德POI:B001C08EF6,,高德批量拉取；评分与人均来自高德，非大众点评
F126,D001,成都,肥肠粉,马家场老街胖娃肥肠粉总店,,金泉街道两河二街728号上林轩,30.714491,103.977454,17,mid,4.7,高德,高德POI,,,,周一至周日 07:00-19:00,,1,高德评分 4.7 的肥肠粉店,,mid,0,高德POI:B0FFHLML4K,,高德批量拉取；评分与人均来自高德，非大众点评
F127,D001,成都,肥肠粉,蔡姐肥肠粉(宗申·流溪别院店),,电视塔路三段53号,30.565946,103.913133,47,mid,4.7,高德,高德POI,,,,周一至周日 09:00-21:00,,1,高德评分 4.7 的肥肠粉店,,mid,0,高德POI:B0FFGI7YLR,,高德批量拉取；评分与人均来自高德，非大众点评
F128,D001,成都,甜水面,沈堂甜水面,,芳草街新能巷2号附5号(衣冠庙地铁站B口步行440米),30.631992,104.054472,16,mid,4.7,高德,高德POI,,,,周一至周日 09:00-15:00,,1,高德评分 4.7 的甜水面店,,mid,0,高德POI:B0FFGHLWAO,,高德批量拉取；评分与人均来自高德，非大众点评
F129,D001,成都,甜水面,小名堂担担甜水面(玉林店),,一环路南三段19号(近好又多),30.633479,104.059888,16,mid,4.5,高德,高德POI,,,,周一至周日 09:00-20:30,,1,高德评分 4.5 的甜水面店,,mid,0,高德POI:B001C92FE5,,高德批量拉取；评分与人均来自高德，非大众点评
F130,D001,成都,中餐厅,顺兴老茶馆,,高新区世纪城路166号,30.559275,104.073872,87,mid,4.7,高德,高德POI,,,,"周一至周日 11:00-14:00,17:00-21:30",,1,高德评分 4.7；搜「甜水面」时命中，实际是中餐厅,,mid,0,高德POI:B001C8MPZ8,,高德批量拉取；评分与人均来自高德，非大众点评
F131,D001,成都,冒菜,张记好实惠冒菜,,燃灯寺东街14号(高升桥地铁站L2口步行400米),30.644597,104.040037,41,mid,4.7,高德,高德POI,,,,"周一至周日 11:00-14:30,16:30-20:30",,1,高德评分 4.7 的冒菜店,,mid,0,高德POI:B0FFGYXKXD,,高德批量拉取；评分与人均来自高德，非大众点评
F132,D001,成都,冒菜,落舌冒菜,,海椒市街10号附1号,30.638770,104.102054,39,mid,4.7,高德,高德POI,,,,周一至周日 11:30-21:30,,1,高德评分 4.7 的冒菜店,,mid,0,高德POI:B0FFFRL1K0,,高德批量拉取；评分与人均来自高德，非大众点评
F133,D001,成都,冒菜,鄢知味冒菜馆(现代职业技术学院店),,华创路东一巷62号,30.519572,104.001112,53,mid,4.7,高德,高德POI,,,,"10:00-20:30,2026年春节期间关闭",,1,高德评分 4.7 的冒菜店,,mid,0,高德POI:B0FFG32LUZ,,高德批量拉取；评分与人均来自高德，非大众点评
F134,D001,成都,兔头,双流老妈兔头(总店),,清泰路一段43号,30.574303,103.929640,76,mid,4.7,高德,高德POI,,,,周一至周日 10:30-22:00,,1,高德评分 4.7 的兔头店,,mid,0,高德POI:B001C089E1,,高德批量拉取；评分与人均来自高德，非大众点评
F135,D001,成都,兔头,兔来乐江湖六绝·江湖菜·老妈兔头·鲜货烧烤,,华甸路与龙港路交叉口西南40米,30.699264,104.164265,64,mid,4.7,高德,高德POI,,,,周一至周日 10:00-04:00,,1,高德评分 4.7 的兔头店,,mid,0,高德POI:B0LB4D6OC6,,高德批量拉取；评分与人均来自高德，非大众点评
F136,D001,成都,兔头,邓氏兔头,,一环路北二段102-附6号,30.685750,104.062420,37,mid,4.7,高德,高德POI,,,,周一至周日 08:00-20:00,,1,高德评分 4.7 的兔头店,,mid,0,高德POI:B0FFFABKL2,,高德批量拉取；评分与人均来自高德，非大众点评
F137,D002,西安,羊肉泡馍,刘兰英牛羊肉泡馍馆,,青年路立新街29号,34.273166,108.942939,33,mid,4.7,高德,高德POI,,,,周一至周日 08:30-21:00,,1,高德评分 4.7 的羊肉泡馍店,,mid,0,高德POI:B0K0TAYQHI,,高德批量拉取；评分与人均来自高德，非大众点评
F138,D002,西安,羊肉泡馍,老刘家永盛斋牛羊肉泡馍(东关南街店),,东关南街103-105号,34.256387,108.975149,27,mid,4.7,高德,高德POI,,,,周一至周日 08:00-21:00,,1,高德评分 4.7 的羊肉泡馍店,,mid,0,高德POI:B0FFJMQDIB,,高德批量拉取；评分与人均来自高德，非大众点评
F139,D002,西安,羊肉泡馍,清真一间星月楼牛羊肉泡馍小炒,,许士庙街133号洒金桥地铁站D东北口步行330米附近好吃的羊肉泡馍美食西安特色小吃西安特色小炒,34.269479,108.937751,28,mid,4.6,高德,高德POI,,,,周一至周日 05:00-20:30,,1,高德评分 4.6 的羊肉泡馍店,,mid,0,高德POI:B0FFK234AJ,,高德批量拉取；评分与人均来自高德，非大众点评
F140,D002,西安,肉夹馍,邢老三肉丸糊辣汤腊牛肉夹馍总店,,劳动西路总店,34.265952,108.908554,18,mid,4.8,高德,高德POI,,,,周一至周日 00:00-24:00,,1,高德评分 4.8 的肉夹馍店,,mid,0,高德POI:B001D074CB,,高德批量拉取；评分与人均来自高德，非大众点评
F141,D002,西安,肉夹馍,张凌峰肉夹馍,,尚俭路与东一路十字东北角,34.262213,108.965186,13,mid,4.7,高德,高德POI,,,,周一至周日 08:00-21:30 2026-02-14至2026-02-21 ,,1,高德评分 4.7 的肉夹馍店,,mid,0,高德POI:B0KUCRZ49E,,高德批量拉取；评分与人均来自高德，非大众点评
F142,D002,西安,肉夹馍,武立辉腊汁肉夹馍,,探花路与慈恩西路交叉口西40米,34.209212,108.960641,18,mid,4.7,高德,高德POI,,,,周一至周日 10:00-22:00,,1,高德评分 4.7 的肉夹馍店,,mid,0,高德POI:B0LUJLAO0R,,高德批量拉取；评分与人均来自高德，非大众点评
F143,D002,西安,凉皮,魏家凉皮(秦飞大厦店),,东木头市192号秦飞大厦1层,34.255925,108.948370,20,mid,4.6,高德,高德POI,,,,周一至周日 07:30-23:30,,1,高德评分 4.6 的凉皮店,,mid,0,高德POI:B0G2ND3671,,高德批量拉取；评分与人均来自高德，非大众点评
F144,D002,西安,凉皮,景家凉皮(纺织城总店),,纺东街257号智翔广场1-08商铺,34.267171,109.069019,14,mid,4.6,高德,高德POI,,,,周一至周日 10:00-20:30,,1,高德评分 4.6 的凉皮店,,mid,0,高德POI:B0JU1RU6AP,,高德批量拉取；评分与人均来自高德，非大众点评
F145,D002,西安,凉皮,郭家凉皮擀面皮(陕汽总厂小区店),,兴工东路21号陕汽小区西门,34.284418,109.010963,14,mid,4.6,高德,高德POI,,,,周六至周日 07:30-18:00；周一至周五 07:30-19:00 2026,,1,高德评分 4.6 的凉皮店,,mid,0,高德POI:B0FFFP6HNP,,高德批量拉取；评分与人均来自高德，非大众点评
F146,D002,西安,葫芦头,天发芽何记葫芦头泡馍(小南门总店),,报恩寺街18号(近含光门),34.252361,108.935223,34,mid,4.7,高德,高德POI,,,,周一至周日 09:00-21:00,,1,高德评分 4.7 的葫芦头店,,mid,0,高德POI:B001D06YQ0,,高德批量拉取；评分与人均来自高德，非大众点评
F147,D002,西安,葫芦头,老单家葫芦头泡馍,,未央区经开区常青二路银池花香丽舍小区第7幢1单元1层005号,34.332277,108.949040,23,mid,4.7,高德,高德POI,,,,周一至周日 09:30-18:30 2026-02-13至2026-02-23 ,,1,高德评分 4.7 的葫芦头店,,mid,0,高德POI:B0FFFW8ZQZ,,高德批量拉取；评分与人均来自高德，非大众点评
F148,D002,西安,葫芦头,山梁山葫芦头,,北辰东路901号,34.308060,109.003533,29,mid,4.6,高德,高德POI,,,,周一至周日 09:00-22:00,,1,高德评分 4.6 的葫芦头店,,mid,0,高德POI:B0LUYSVQKA,,高德批量拉取；评分与人均来自高德，非大众点评
F149,D002,西安,水盆羊肉,虎子水盆羊肉(翠华路总店),,曲江新区翠华南路229号擎友大厦综合楼临街商铺,34.219989,108.956693,43,mid,4.7,高德,高德POI,,,,周一至周日 08:00-24:00,,1,高德评分 4.7 的水盆羊肉店,,mid,0,高德POI:B0FFGZPDIV,,高德批量拉取；评分与人均来自高德，非大众点评
F150,D002,西安,水盆羊肉,李胖娃大荔水盆羊肉(龙首店),,宫园美岸二期南门东100米,34.292992,108.940878,38,mid,4.7,高德,高德POI,,,,周一至周日 09:00-21:00,,1,高德评分 4.7 的水盆羊肉店,,mid,0,高德POI:B0FFF64Z1Z,,高德批量拉取；评分与人均来自高德，非大众点评
F151,D002,西安,水盆羊肉,澄城崇斌水盆羊肉,,秦陵南路,34.371224,109.225919,37,mid,4.7,高德,高德POI,,,,周一至周日 09:00-21:00,,1,高德评分 4.7 的水盆羊肉店,,mid,0,高德POI:B0FFIJ6U83,,高德批量拉取；评分与人均来自高德，非大众点评
F152,D002,西安,biangbiang面,郭老三面庄·biangbiang面(大雁塔店),,大雁塔小学南隔壁,34.220501,108.956767,23,mid,4.7,高德,高德POI,,,,周一至周日 09:30-22:30,,1,高德评分 4.7 的biangbiang面店,,mid,0,高德POI:B0FFL8TGPB,,高德批量拉取；评分与人均来自高德，非大众点评
F153,D002,西安,biangbiang面,老李家biangbiang面(钟楼总店),,骡马市46号金地酒店隔壁地铁2号线6号线钟楼站K出口右转10米,34.259035,108.950036,24,mid,4.6,高德,高德POI,,,,周一至周日 09:00-22:00,,1,高德评分 4.6 的biangbiang面店,,mid,0,高德POI:B0FFJO9T6Q,,高德批量拉取；评分与人均来自高德，非大众点评
F154,D002,西安,biangbiang面,大嘻咹biangbiang面(大雁塔店),,大雁塔地铁口E口向北100米,34.225062,108.964279,17,mid,4.6,高德,高德POI,,,,周一至周日 08:00-22:00,,1,高德评分 4.6 的biangbiang面店,,mid,0,高德POI:B0L2TM2OL6,,高德批量拉取；评分与人均来自高德，非大众点评
F155,D002,西安,甑糕,马文章胖子甑糕(洒金桥店),,西安城市交通投资集团西门西北70米,34.267897,108.932655,11,mid,4.6,高德,高德POI,,,,周一至周日 05:30-10:00,,1,高德评分 4.6 的甑糕店,,mid,0,高德POI:B0KG2C1JVX,,高德批量拉取；评分与人均来自高德，非大众点评
F156,D002,西安,甑糕,高陵胖子甑糕总店,,区中医院十字西侧10米,34.541325,109.086498,13,mid,4.6,高德,高德POI,,,,周一至周日 00:00-24:00,,1,高德评分 4.6 的甑糕店,,mid,0,高德POI:B0FFL7E0JS,,高德批量拉取；评分与人均来自高德，非大众点评
F157,D002,西安,甑糕,胖子甑糕,,中环广场东2门旁(广济街地铁站C口步行340米),34.258598,108.943589,8,mid,4.4,高德,高德POI,,,,周一至周日 08:30-17:30,,1,高德评分 4.4 的甑糕店,,mid,0,高德POI:B0KARS7ZIL,,高德批量拉取；评分与人均来自高德，非大众点评
F158,D003,杭州,杭帮菜,四灶儿·地道杭帮菜(湖墅南路店),,湖墅南路258号,30.283523,120.152887,102,mid,4.7,高德,高德POI,,,,周一至周日 10:30-21:30,,1,高德评分 4.7 的杭帮菜店,,mid,0,高德POI:B0I67ANJ5X,,高德批量拉取；评分与人均来自高德，非大众点评
F159,D003,杭州,杭帮菜,赵府私厨·老杭帮菜(河坊街店),,高银街111号(吴山广场地铁站D口步行450米),30.240555,120.168733,66,mid,4.7,高德,高德POI,,,,周一至周日 10:00-24:00,,1,高德评分 4.7 的杭帮菜店,,mid,0,高德POI:B0K6H69PDU,,高德批量拉取；评分与人均来自高德，非大众点评
F160,D003,杭州,杭帮菜,入江南·金奖杭帮菜·浙江菜(虎跑店),,虎跑路四眼井228号,30.216913,120.136067,118,mid,4.7,高德,高德POI,,,,周一至周日 10:30-22:30,,1,高德评分 4.7 的杭帮菜店,,mid,0,高德POI:B0LAYU04B8,,高德批量拉取；评分与人均来自高德，非大众点评
F161,D003,杭州,中餐厅,大渔面馆(转塘店),,转塘街道丽景路18号A-107室,30.163175,120.085325,33,mid,4.7,高德,高德POI,,,,周一至周日 08:00-21:00,,1,高德评分 4.7；搜「片儿川」时命中，实际是中餐厅,,mid,0,高德POI:B0LA79X0AX,,高德批量拉取；评分与人均来自高德，非大众点评
F162,D003,杭州,餐饮相关,齐心老弄堂面馆,,长生路29号(龙翔桥地铁站B口步行230米),30.256922,120.163633,31,mid,4.6,高德,高德POI,,,,周一至周日 09:00-22:00,,1,高德评分 4.6；搜「片儿川」时命中，实际是餐饮相关,,mid,0,高德POI:B0LGBL5UXG,,高德批量拉取；评分与人均来自高德，非大众点评
F163,D003,杭州,中餐厅,家烧面馆(南山路),,家烧面馆南山路38号雷峰塔西停车场斜对面大树边小巷到底15米,30.228922,120.147017,36,mid,4.6,高德,高德POI,,,,周一至周日 08:00-17:30,,1,高德评分 4.6；搜「片儿川」时命中，实际是中餐厅,,mid,0,高德POI:B0FFH6L43B,,高德批量拉取；评分与人均来自高德，非大众点评
F164,D003,杭州,西湖醋鱼,茶人村·西湖醋鱼(西湖龙井店),,龙井路99号,30.228327,120.119946,135,mid,4.7,高德,高德POI,,,,"周一至周日 11:00-14:30,16:30-20:30",,1,高德评分 4.7 的西湖醋鱼店,,mid,0,高德POI:B0FFF9RFLD,,高德批量拉取；评分与人均来自高德，非大众点评
F165,D003,杭州,特色/地方风味餐厅,紫竹·水乐西湖·庭院餐厅,,三台山路与八盘岭路交叉口西北240米,30.230567,120.131086,160,mid,4.7,高德,高德POI,,,,"周一至周日 11:00-14:00,16:00-21:00",,1,高德评分 4.7；搜「西湖醋鱼」时命中，实际是特色/地方风味餐厅,,mid,0,高德POI:B0I1C9KLJF,,高德批量拉取；评分与人均来自高德，非大众点评
F166,D003,杭州,中餐厅,慢野·自由餐厅·私房菜(馒头山店),,馒头山路笤帚湾1-1号,30.216588,120.169157,127,mid,4.7,高德,高德POI,,,,"周一至周日 11:00-14:00,17:00-21:00",,1,高德评分 4.7；搜「西湖醋鱼」时命中，实际是中餐厅,,mid,0,高德POI:B0K1HLUOC1,,高德批量拉取；评分与人均来自高德，非大众点评
F167,D003,杭州,虾爆鳝面,同元里虾爆鳝面(砂之船国际生活广场店),,钱江新城砂之船生活购物中心-1F猎户街13A,30.242827,120.216180,47,mid,4.3,高德,高德POI,,,,周一至周日 09:30-20:30,,1,高德评分 4.3 的虾爆鳝面店,,mid,0,高德POI:B0FFLGLBAS,,高德批量拉取；评分与人均来自高德，非大众点评
F168,D003,杭州,中餐厅,李犟大·非遗爆鳝面·蟹黄包(湖滨西湖店),,解放路658号李犟大·非遗爆鳝面·蟹黄包(湖滨西湖店),30.250039,120.163296,51,mid,4.6,高德,高德POI,,,,周一至周日 10:00-21:30,,1,高德评分 4.6；搜「虾爆鳝面」时命中，实际是中餐厅,,mid,0,高德POI:B0JA27ANIP,,高德批量拉取；评分与人均来自高德，非大众点评
F169,D003,杭州,快餐厅,原农机站面馆,,通北路太炎中学往西150米,30.277762,119.929432,31,mid,4.6,高德,高德POI,,,,"周一至周五 08:00-14:00,17:00-20:00；周六至周日 07:0",,1,高德评分 4.6；搜「虾爆鳝面」时命中，实际是快餐厅,,mid,0,高德POI:B0G2BC8X6C,,高德批量拉取；评分与人均来自高德，非大众点评
F170,D003,杭州,葱包烩,葱包烩,,衣锦小学西北2门旁,30.236414,119.721995,10,mid,4.5,高德,高德POI,,,,周一至周日 05:30-18:00,,1,高德评分 4.5 的葱包烩店,,mid,0,高德POI:B0GUJ7SY4B,,高德批量拉取；评分与人均来自高德，非大众点评
F171,D003,杭州,葱包烩,侯大姐葱包烩,,大马弄56号,30.234990,120.169067,9,mid,4.4,高德,高德POI,,,,周一至周日 07:00-18:30,,1,高德评分 4.4 的葱包烩店,,mid,0,高德POI:B0KRKZ503W,,高德批量拉取；评分与人均来自高德，非大众点评
F172,D003,杭州,葱包烩,熨斗大姐葱包烩儿,,龙游路24号,30.261864,120.160467,14,mid,4.3,高德,高德POI,,,,周一至周日 17:00-23:30,,1,高德评分 4.3 的葱包烩店,,mid,0,高德POI:B0LD1U5NXK,,高德批量拉取；评分与人均来自高德，非大众点评
F173,D003,杭州,定胜糕,定胜糕小店-蒋顺发,,河坊街236号(近吴山广场),30.240029,120.167188,9,mid,4.4,高德,高德POI,,,,周一至周日 09:00-20:30,,1,高德评分 4.4 的定胜糕店,,mid,0,高德POI:B023B189JL,,高德批量拉取；评分与人均来自高德，非大众点评
F174,D003,杭州,中餐厅,湛碧楼·西湖湖景餐厅,,中国杭州西湖风景名胜区杨公堤30号,30.247279,120.133313,818,mid,4.7,高德,高德POI,,,,周一至周日 11:00-22:30,,1,高德评分 4.7；搜「定胜糕」时命中，实际是中餐厅,,mid,0,高德POI:B0K27C42LO,,高德批量拉取；评分与人均来自高德，非大众点评
F175,D003,杭州,中餐厅,中国杭帮菜博物馆(虎玉路店),,虎玉路9号,30.207933,120.142503,135,mid,4.7,高德,高德POI,,,,博物馆开放时间:周一闭馆；周二至周日 10:00-17:30；具体营业状态以当天,,1,高德评分 4.7；搜「定胜糕」时命中，实际是中餐厅,,mid,0,高德POI:B0FFGAQZD8,,高德批量拉取；评分与人均来自高德，非大众点评
F176,D004,重庆,火锅,枇杷园食为鲜火锅店(南山总店),,南山街道金竹村龙井榜社,29.491167,106.588195,131,mid,4.8,高德,高德POI,,,,周一至周日 09:00-24:00,,1,高德评分 4.8 的火锅店,,mid,0,高德POI:B001703649,,高德批量拉取；评分与人均来自高德，非大众点评
F177,D004,重庆,火锅,北步园火锅村(总店),,华新街道钢峰村202号,29.569665,106.542778,71,mid,4.8,高德,高德POI,,,,周一至周日 10:00-01:00,,1,高德评分 4.8 的火锅店,,mid,0,高德POI:B0JAO7W3DE,,高德批量拉取；评分与人均来自高德，非大众点评
F178,D004,重庆,火锅,文亮火锅(解放碑店),,文化街116号,29.553682,106.579278,80,mid,4.7,高德,高德POI,,,,周一至周日 10:30-23:00,,1,高德评分 4.7 的火锅店,,mid,0,高德POI:B0KU4RXC8D,,高德批量拉取；评分与人均来自高德，非大众点评
F179,D004,重庆,小面,晓小面(祺山·品阁店),,洋河四路1栋32号,29.585062,106.533710,17,mid,4.7,高德,高德POI,,,,周一至周日 07:00-20:00,,1,高德评分 4.7 的小面店,,mid,0,高德POI:B0J6AMVEUP,,高德批量拉取；评分与人均来自高德，非大众点评
F180,D004,重庆,小面,酱老麻抄手重庆小面馆(解放碑总店),,解放碑街道民生路250号,29.557575,106.570385,17,mid,4.6,高德,高德POI,,,,周一至周日 07:00-24:00,,1,高德评分 4.6 的小面店,,mid,0,高德POI:B0FFIKVC4X,,高德批量拉取；评分与人均来自高德，非大众点评
F181,D004,重庆,小面,周胖妹重庆小面,,解放碑街道戴家巷2号平街1层商场5号,29.560150,106.575382,18,mid,4.5,高德,高德POI,,,,周一至周日 06:00-02:00,,1,高德评分 4.5 的小面店,,mid,0,高德POI:B0LGCLU9J9,,高德批量拉取；评分与人均来自高德，非大众点评
F182,D004,重庆,毛血旺,陈师傅毛血旺,,银竹路5号,29.633027,106.484998,36,mid,4.6,高德,高德POI,,,,周一至周日 11:00-22:00,,1,高德评分 4.6 的毛血旺店,,mid,0,高德POI:B0MATAUMNK,,高德批量拉取；评分与人均来自高德，非大众点评
F183,D004,重庆,毛血旺,4-3特色毛血旺毛豆腐(五一路店),,五一路山城碗碗香旁边进巷子上4层4-3,29.555791,106.578352,50,mid,4.5,高德,高德POI,,,,周一至周日 10:00-20:30,,1,高德评分 4.5 的毛血旺店,,mid,0,高德POI:B0GDRXDU0T,,高德批量拉取；评分与人均来自高德，非大众点评
F184,D004,重庆,毛血旺,五一路余姐毛血旺,,解放碑五一路264号棉麻大楼门面(与中华路交叉路口),29.555150,106.577918,43,mid,4.5,高德,高德POI,,,,周一至周日 10:30-21:00,,1,高德评分 4.5 的毛血旺店,,mid,0,高德POI:B0FFMBRSIA,,高德批量拉取；评分与人均来自高德，非大众点评
F185,D004,重庆,酸辣粉,享一嘴二支路酸辣粉,,双龙湖街道龙庆街一号,29.702601,106.622714,18,mid,4.7,高德,高德POI,,,,周一至周日 10:00-02:00,,1,高德评分 4.7 的酸辣粉店,,mid,0,高德POI:B0FFF2RFSM,,高德批量拉取；评分与人均来自高德，非大众点评
F186,D004,重庆,酸辣粉,赵大妹酸辣粉炸串小吃(都和广场老店),,巴南李家沱街道李家沱正街160号李家沱林萌村18号都和广场负一层FM-04号,29.465416,106.542465,12,mid,4.5,高德,高德POI,,,,周一至周日 07:00-20:00,,1,高德评分 4.5 的酸辣粉店,,mid,0,高德POI:B0FFGSJ4AR,,高德批量拉取；评分与人均来自高德，非大众点评
F187,D004,重庆,火锅店,大虎老火锅(江北店),,洋河路56号附1号,29.583442,106.542725,78,mid,4.8,高德,高德POI,,,,周一至周日 10:30-06:00,,1,高德评分 4.8；搜「酸辣粉」时命中，实际是火锅店,,mid,0,高德POI:B001791400,,高德批量拉取；评分与人均来自高德，非大众点评
F188,D004,重庆,烤鱼,无刺泡泡重庆烤鱼(南坪总店),,南坪江岸天街4楼(南坪地铁站4号口步行200米),29.527564,106.570001,80,mid,4.7,高德,高德POI,,,,周一至周日 11:00-22:00,,1,高德评分 4.7 的烤鱼店,,mid,0,高德POI:B0L2FL1P2Y,,高德批量拉取；评分与人均来自高德，非大众点评
F189,D004,重庆,烤鱼,好汉烤鱼(渝隆观江店),,龙江路10号附28号(近九龙小学),29.493649,106.529999,50,mid,4.7,高德,高德POI,,,,周一至周日 17:00-00:30,,1,高德评分 4.7 的烤鱼店,,mid,0,高德POI:B0FFJ7D2R2,,高德批量拉取；评分与人均来自高德，非大众点评
F190,D004,重庆,烤鱼,一家人烤鱼(佳园路店),,佳园路65号,29.602435,106.525584,56,mid,4.7,高德,高德POI,,,,周一至周日 17:30-24:00,,1,高德评分 4.7 的烤鱼店,,mid,0,高德POI:B0FFFP4BTX,,高德批量拉取；评分与人均来自高德，非大众点评
F191,D004,重庆,江湖菜,老甘家小龙虾江湖菜(洋河地标总店),,洋河中路91号(望海花市与邦兴花园十字路口建设银行对面),29.582870,106.540125,105,mid,4.8,高德,高德POI,,,,"周一至周日 00:00-02:00,11:30-14:30,16:30-23:0",,1,高德评分 4.8 的江湖菜店,,mid,0,高德POI:B0FFG6HQ9E,,高德批量拉取；评分与人均来自高德，非大众点评
F192,D004,重庆,江湖菜,隐小二(汽博店)鲜活点杀江湖菜家常菜,,两江新区渝北区金渝大道112号(金山意库文化创意产业园旁),29.629105,106.576682,64,mid,4.8,高德,高德POI,,,,周一至周日 10:00-22:30,,1,高德评分 4.8 的江湖菜店,,mid,0,高德POI:B0KUBHY1D8,,高德批量拉取；评分与人均来自高德，非大众点评
F193,D004,重庆,江湖菜,马房湾66号·江湖菜,,覃家岗童家桥村马房湾组(杨公桥地铁站1B口步行330米),29.562670,106.447879,82,mid,4.7,高德,高德POI,,,,周一至周日 11:00-21:30,,1,高德评分 4.7 的江湖菜店,,mid,0,高德POI:B0FFJOIG5B,,高德批量拉取；评分与人均来自高德，非大众点评
F194,D013,上海,本帮菜,兴兴·海派本帮菜(上海漫乐城店),,"齐河路258号上海漫乐城L3层L304、L305(西门进入直行20m,扶梯上到L3可见)",31.178843,121.503950,160,mid,4.8,高德,高德POI,,,,"周一至周日 11:00-14:00,17:00-22:00",,1,高德评分 4.8 的本帮菜店,,mid,0,高德POI:B0J0TC07Y8,,高德批量拉取；评分与人均来自高德，非大众点评
F195,D013,上海,本帮菜,润苑·本帮菜·家宴·商务宴请·宴会厅(徐汇店),,田东路258弄4号(宏润国际花园3号门旁),31.173860,121.439860,199,mid,4.8,高德,高德POI,,,,"周一至周日 11:00-14:00,17:00-21:00",,1,高德评分 4.8 的本帮菜店,,mid,0,高德POI:B00156O98L,,高德批量拉取；评分与人均来自高德，非大众点评
F196,D013,上海,本帮菜,HOMES上海本帮菜(必吃榜店),,新乐路47-1号,31.217885,121.456152,168,mid,4.7,高德,高德POI,,,,"周一至周日 11:00-14:00,17:00-21:00",,1,高德评分 4.7 的本帮菜店,,mid,0,高德POI:B00155KHOC,,高德批量拉取；评分与人均来自高德，非大众点评
F197,D013,上海,生煎,东泰祥生煎馆(重庆北路店),,重庆北路188号(大沽路口),31.226184,121.470227,28,mid,4.7,高德,高德POI,,,,周一至周日 00:00-24:00,,1,高德评分 4.7 的生煎店,,mid,0,高德POI:B00155QEUO,,高德批量拉取；评分与人均来自高德，非大众点评
F198,D013,上海,生煎,舒蔡记生煎菜饭,,云南中路49号,31.229977,121.478694,21,mid,4.6,高德,高德POI,,,,周一至周日 07:30-19:30,,1,高德评分 4.6 的生煎店,,mid,0,高德POI:B0JRLH5O6D,,高德批量拉取；评分与人均来自高德，非大众点评
F199,D013,上海,生煎,阿德生煎(龙华西路店),,龙华西路219号-3(近龙吴线终点站),31.173231,121.448006,22,mid,4.6,高德,高德POI,,,,周一至周日 06:30-20:00,,1,高德评分 4.6 的生煎店,,mid,0,高德POI:B0LG65D972,,高德批量拉取；评分与人均来自高德，非大众点评
F200,D013,上海,小笼,莱莱小笼,,天津路506号(人民广场地铁站19号口步行440米),31.236125,121.477126,64,mid,4.7,高德,高德POI,,,,"周一至周日 08:00-14:00,15:00-20:00",,1,高德评分 4.7 的小笼店,,mid,0,高德POI:B001557EGG,,高德批量拉取；评分与人均来自高德，非大众点评
F201,D013,上海,小笼,富春小笼馆(上海总店),,建国西路652号(衡山路地铁站1号口步行480米),31.200528,121.444897,43,mid,4.7,高德,高德POI,,,,周一至周日 08:00-21:00,,1,高德评分 4.7 的小笼店,,mid,0,高德POI:B0J0BATM8X,,高德批量拉取；评分与人均来自高德，非大众点评
F202,D013,上海,小笼,上味馆南翔小笼(杏山路店),,杏山路598号(桂巷路口),31.238868,121.403218,22,mid,4.7,高德,高德POI,,,,周一至周日 06:30-19:30,,1,高德评分 4.7 的小笼店,,mid,0,高德POI:B00155ATO7,,高德批量拉取；评分与人均来自高德，非大众点评
F203,D013,上海,葱油饼,双辽支路葱油饼(张家浜小区双辽支路45弄店),,双辽支路45弄1号101室(江浦路地铁站6号口步行300米),31.270150,121.517286,10,mid,4.5,高德,高德POI,,,,"周一至周日 05:30-12:00,14:00-18:00",,1,高德评分 4.5 的葱油饼店,,mid,0,高德POI:B00155MCQ6,,高德批量拉取；评分与人均来自高德，非大众点评
F204,D013,上海,葱油饼,提篮桥老摊头葱油饼一号(静安分店),,西康路328弄5号103室(上海市静安区第一中心小学北门旁),31.231624,121.449631,10,mid,4.5,高德,高德POI,,,,周一至周日 06:30-20:00,,1,高德评分 4.5 的葱油饼店,,mid,0,高德POI:B0FFLH5DMK,,高德批量拉取；评分与人均来自高德，非大众点评
F205,D013,上海,葱油饼,东二乔老上海葱油饼,,宁波路201号(南京东路地铁站6号口步行110米),31.239049,121.483495,7,mid,4.4,高德,高德POI,,,,周一至周日 06:00-19:00,,1,高德评分 4.4 的葱油饼店,,mid,0,高德POI:B0FFHBC97G,,高德批量拉取；评分与人均来自高德，非大众点评
F206,D013,上海,排骨年糕,侬晓得排骨年糕(金雁坊店),,雁荡路13号(一大会址·黄陂南路地铁站1号口步行350米),31.220878,121.470142,27,mid,4.5,高德,高德POI,,,,周一至周日 07:00-21:00,,1,高德评分 4.5 的排骨年糕店,,mid,0,高德POI:B0HU45KOGC,,高德批量拉取；评分与人均来自高德，非大众点评
F207,D013,上海,排骨年糕,鲜得来排骨年糕(巨鹿泰康市集店),,瑞金二路街道泰康路220号(近日月光)巨鹿泰康市集A3-A4,31.207825,121.469125,23,mid,4.5,高德,高德POI,,,,周一至周日 09:00-19:00,,1,高德评分 4.5 的排骨年糕店,,mid,0,高德POI:B0LUD9CB5S,,高德批量拉取；评分与人均来自高德，非大众点评
F208,D013,上海,排骨年糕,豚妈妈芝士排骨年糕·烤肉(人民广场店),,宁波路587弄2-7号爱民弄,31.236390,121.476681,83,mid,4.4,高德,高德POI,,,,"周一至周四,周日 11:00-22:00；周五至周六 11:00-23:00",,1,高德评分 4.4 的排骨年糕店,,mid,0,高德POI:B0JAOBODRT,,高德批量拉取；评分与人均来自高德，非大众点评
F209,D013,上海,蟹壳黄,老上海蟹壳黄(国和二村店),,殷行街道国和路1026-3号(上海民办兰生中学国和路校区北门旁),31.318295,121.528930,13,mid,4.3,高德,高德POI,,,,周一至周日 06:30-17:30,,1,高德评分 4.3 的蟹壳黄店,,mid,0,高德POI:B0H69XKPPM,,高德批量拉取；评分与人均来自高德，非大众点评
F210,D013,上海,糕饼店,老瑞福上海菜(人民广场店),,凤阳路238号(黄河路路口),31.234099,121.471406,90,mid,4.6,高德,高德POI,,,,"周一至周日 10:30-14:00,16:00-21:00",,1,高德评分 4.6；搜「蟹壳黄」时命中，实际是糕饼店,,mid,0,高德POI:B0FFFWV1JJ,,高德批量拉取；评分与人均来自高德，非大众点评
F211,D013,上海,餐饮相关,庄氏隆兴·非遗蟹点(今潮八弄店),,四川北路989弄10号楼101号,31.250353,121.484046,93,mid,4.5,高德,高德POI,,,,周一至周日 10:00-22:00,,1,高德评分 4.5；搜「蟹壳黄」时命中，实际是餐饮相关,,mid,0,高德POI:B0KKOCK9M7,,高德批量拉取；评分与人均来自高德，非大众点评
F212,D013,上海,中餐厅,玫瑰厅上海菜(兴国路店),,兴国路372弄1号101室,31.205133,121.437315,206,mid,4.7,高德,高德POI,,,,"周一至周日 11:00-14:00,17:00-21:00",,1,高德评分 4.7；搜「腌笃鲜」时命中，实际是中餐厅,,mid,0,高德POI:B0FFKEMW4L,,高德批量拉取；评分与人均来自高德，非大众点评
F213,D013,上海,中餐厅,九忠祥小龍館,,人民街107号,31.290350,121.306780,63,mid,4.6,高德,高德POI,,,,周二至周日 09:00-21:00,,1,高德评分 4.6；搜「腌笃鲜」时命中，实际是中餐厅,,mid,0,高德POI:B0LAZ7YQEZ,,高德批量拉取；评分与人均来自高德，非大众点评
F214,D013,上海,中餐厅,乡土人家农家土菜(同泰北路店),,吴淞街道同泰北路134号(海滨新村小区东1门东南50米),31.378095,121.494402,103,mid,4.6,高德,高德POI,,,,周一至周日 09:00-02:00,,1,高德评分 4.6；搜「腌笃鲜」时命中，实际是中餐厅,,mid,0,高德POI:B00155BPCV,,高德批量拉取；评分与人均来自高德，非大众点评
F215,D014,苏州,苏帮菜,嘉乐苏乡宴苏帮菜(太仓店),,昆太路889号,31.425747,121.071372,124,mid,4.8,高德,高德POI,,,,"周一至周日 10:00-13:30,16:00-20:30",,1,高德评分 4.8 的苏帮菜店,,mid,0,高德POI:B020017NJX,,高德批量拉取；评分与人均来自高德，非大众点评
F216,D014,苏州,苏帮菜,山海焗苏帮菜·江浙私房·松鼠桂鱼(平江路店),,建新巷10号(和基广场北侧)(临顿路地铁站5号口旁),31.308997,120.631191,82,mid,4.7,高德,高德POI,,,,"周一至周五 11:00-14:00,16:30-20:30；周六至周日 11:0",,1,高德评分 4.7 的苏帮菜店,,mid,0,高德POI:B0J3YABEL2,,高德批量拉取；评分与人均来自高德，非大众点评
F217,D014,苏州,苏帮菜,苏外婆·苏帮菜·松鼠桂鱼(平江路总店),,白塔东路308号(中国银行西侧),31.318506,120.629007,62,mid,4.7,高德,高德POI,,,,周一至周日 10:00-22:00 最晚点餐22:00,,1,高德评分 4.7 的苏帮菜店,,mid,0,高德POI:B0HRUAEXZT,,高德批量拉取；评分与人均来自高德，非大众点评
F218,D014,苏州,中餐厅,平阊园苏式面馆,,阊门西街6号6幢,31.317594,120.610250,77,mid,4.8,高德,高德POI,,,,周一至周日 07:00-21:00,,1,高德评分 4.8；搜「苏式汤面」时命中，实际是中餐厅,,mid,0,高德POI:B0KR24I8QA,,高德批量拉取；评分与人均来自高德，非大众点评
F219,D014,苏州,中餐厅,姑苏桥·文人苏式面馆(狮山店),,长江路405号游客服务中心用房2,31.289185,120.544253,73,mid,4.7,高德,高德POI,,,,周一至周日 06:00-21:00,,1,高德评分 4.7；搜「苏式汤面」时命中，实际是中餐厅,,mid,0,高德POI:B0K3YCJCG4,,高德批量拉取；评分与人均来自高德，非大众点评
F220,D014,苏州,中餐厅,乾盛兴苏式面馆蟹黄面(山塘街店),,南新路与金门路交叉口北100米,31.311408,120.605941,41,mid,4.7,高德,高德POI,,,,周一至周日 07:00-20:30,,1,高德评分 4.7；搜「苏式汤面」时命中，实际是中餐厅,,mid,0,高德POI:B0KR7CHZ7O,,高德批量拉取；评分与人均来自高德，非大众点评
F221,D014,苏州,中餐厅,囍老板苏州菜·家常热炒·松鼠桂鱼(观前店),,丁家巷23号(和基广场东北角临顿路地铁站5号口),31.309167,120.631513,69,mid,4.7,高德,高德POI,,,,"周一至周日 11:00-14:00,16:30-20:30",,1,高德评分 4.7；搜「松鼠鳜鱼」时命中，实际是中餐厅,,mid,0,高德POI:B0G3JU5ZLS,,高德批量拉取；评分与人均来自高德，非大众点评
F222,D014,苏州,浙江菜,老苏州·苏州菜·松鼠桂鱼(葑谊街店),,葑谊新村南区东北2门东北70米,31.288944,120.658431,72,mid,4.7,高德,高德POI,,,,"周一至周日 10:30-14:00,16:00-21:00",,1,高德评分 4.7；搜「松鼠鳜鱼」时命中，实际是浙江菜,,mid,0,高德POI:B0K1GYW035,,高德批量拉取；评分与人均来自高德，非大众点评
F223,D014,苏州,浙江菜,吴越荣记苏州菜·松鼠桂鱼100%活鱼现做(月光码头店),,月光码头休闲广场A5-1号,31.320810,120.706478,83,mid,4.7,高德,高德POI,,,,"周一至周日 10:30-14:00,16:30-21:00",,1,高德评分 4.7；搜「松鼠鳜鱼」时命中，实际是浙江菜,,mid,0,高德POI:B0I26AFW2C,,高德批量拉取；评分与人均来自高德，非大众点评
F224,D014,苏州,生煎,鑫震源·苏式大虾生煎(山塘街店),,山塘街2号(渡僧桥北),31.315078,120.603486,40,mid,4.6,高德,高德POI,,,,周一至周日 06:30-23:30,,1,高德评分 4.6 的生煎店,,mid,0,高德POI:B0FFHREZWQ,,高德批量拉取；评分与人均来自高德，非大众点评
F225,D014,苏州,生煎,哑巴生煎•桃花源记(石路店),,石路25号(厚居酒店旁),31.312310,120.602571,35,mid,4.6,高德,高德POI,,,,周一至周日 07:00-21:00,,1,高德评分 4.6 的生煎店,,mid,0,高德POI:B0K1TUUP4R,,高德批量拉取；评分与人均来自高德，非大众点评
F226,D014,苏州,生煎,弄堂生煎(跨塘店),,汇隆街与跨南路交叉口北80米,31.344994,120.692715,20,mid,4.6,高德,高德POI,,,,周一至周日 05:30-19:00,,1,高德评分 4.6 的生煎店,,mid,0,高德POI:B0FFLFHIK5,,高德批量拉取；评分与人均来自高德，非大众点评
F227,D014,苏州,糕团,松盛糕团店(红旗桥一店),,虞山镇红旗北路12-103号京城黄记煌门店,31.639285,120.745731,24,mid,4.7,高德,高德POI,,,,周一至周日 05:00-16:30,,1,高德评分 4.7 的糕团店,,mid,0,高德POI:B0FFGK77I9,,高德批量拉取；评分与人均来自高德，非大众点评
F228,D014,苏州,糕团,近水楼糕团,,景德路73号(察院场地铁站1A西南口步行210米),31.310569,120.619573,21,mid,4.6,高德,高德POI,,,,周一至周日 06:30-18:00 02-16至02-25 周一至周日 全天关闭,,1,高德评分 4.6 的糕团店,,mid,0,高德POI:B0L6H7H88H,,高德批量拉取；评分与人均来自高德，非大众点评
F229,D014,苏州,糕团,万福兴糕团(山塘街店),,山塘街303号(社区卫生服务中心对面),31.319844,120.599319,18,mid,4.6,高德,高德POI,,,,周一至周日 06:30-16:30,,1,高德评分 4.6 的糕团店,,mid,0,高德POI:B0FFHOUW3D,,高德批量拉取；评分与人均来自高德，非大众点评
F230,D014,苏州,奥灶面,胥城奥灶面·面之府,,三香路333号胥城大厦,31.298376,120.599296,-1,low,4.7,高德,高德POI,,,,"周一至周日 08:00-14:00,17:00-21:00",,1,高德评分 4.7 的奥灶面店,,mid,0,高德POI:B0FFIY4ZZR,,高德批量拉取；评分与人均来自高德，非大众点评
F231,D014,苏州,奥灶面,孙盛兴奥灶面(山塘街总店),,山塘街方基上35号(孙盛兴奥灶面馆),31.315067,120.603824,61,mid,4.6,高德,高德POI,,,,周一至周日 08:00-22:00,,1,高德评分 4.6 的奥灶面店,,mid,0,高德POI:B0FFHD0TQR,,高德批量拉取；评分与人均来自高德，非大众点评
F232,D014,苏州,奥灶面,天香馆·非遗奥灶面(中山路店),,中山路130号,31.380358,120.952849,18,mid,4.6,高德,高德POI,,,,周一至周日 05:30-14:00,,1,高德评分 4.6 的奥灶面店,,mid,0,高德POI:B020001K4Y,,高德批量拉取；评分与人均来自高德，非大众点评
F233,D015,南京,盐水鸭,聚宝南京盐水鸭(南京总店),,新姚家巷1号(夫子庙地铁站3号口步行220米),32.023329,118.792935,18,mid,4.6,高德,高德POI,,,,周一至周日 08:00-22:30,,1,高德评分 4.6 的盐水鸭店,,mid,0,高德POI:B0FFIPSYY6,,高德批量拉取；评分与人均来自高德，非大众点评
F234,D015,南京,中餐厅,水西门陈记鸭子店(总店),,太平南路561号(夫子庙地铁站3号口步行310米),32.024891,118.789693,29,mid,4.7,高德,高德POI,,,,周一至周日 07:00-02:30,,1,高德评分 4.7；搜「盐水鸭」时命中，实际是中餐厅,,mid,0,高德POI:B0LRVRKHCX,,高德批量拉取；评分与人均来自高德，非大众点评
F235,D015,南京,清真菜馆,清真·金同記JinTongJi(夫子庙地铁站店),,建康路185号招商花园里(地铁3号线、5号线夫子庙站1号出口60米),32.024513,118.790889,32,mid,4.7,高德,高德POI,,,,周一至周日 07:00-22:00,,1,高德评分 4.7；搜「盐水鸭」时命中，实际是清真菜馆,,mid,0,高德POI:B0FFJXO6UF,,高德批量拉取；评分与人均来自高德，非大众点评
F236,D015,南京,皮肚面,管记皮肚面,,秦虹小区高虹苑1幢14号101,32.013051,118.809127,18,mid,4.7,高德,高德POI,,,,周一至周日 06:00-14:00,,1,高德评分 4.7 的皮肚面店,,mid,0,高德POI:B0FFJ4XIFP,,高德批量拉取；评分与人均来自高德，非大众点评
F237,D015,南京,皮肚面,贲记皮肚面馆,,万江共和新城地和苑28幢101室,32.109055,118.707796,19,mid,4.7,高德,高德POI,,,,周一至周日 06:30-20:30 2026-02-16至2026-02-21 ,,1,高德评分 4.7 的皮肚面店,,mid,0,高德POI:B0JKLZ3Q9F,,高德批量拉取；评分与人均来自高德，非大众点评
F238,D015,南京,皮肚面,曹记大碗皮肚面,,和燕路103号,32.095338,118.796482,25,mid,4.6,高德,高德POI,,,,周一至周日 06:00-20:30,,1,高德评分 4.6 的皮肚面店,,mid,0,高德POI:B0FFG2C62K,,高德批量拉取；评分与人均来自高德，非大众点评
F239,D015,南京,汤包,小李汤包(殷高巷总店),,殷高巷30号,32.017752,118.777033,21,mid,4.7,高德,高德POI,,,,周一至周日 06:00-20:30,,1,高德评分 4.7 的汤包店,,mid,0,高德POI:B0FFGBEN8G,,高德批量拉取；评分与人均来自高德，非大众点评
F240,D015,南京,汤包,老鼓楼汤包(太平门店),,太平门街10号太平花园,32.057838,118.810893,31,mid,4.7,高德,高德POI,,,,周一至周日 06:30-20:00,,1,高德评分 4.7 的汤包店,,mid,0,高德POI:B0L2USDWZM,,高德批量拉取；评分与人均来自高德，非大众点评
F241,D015,南京,汤包,尹氏汤包(朝天宫店),,朝天宫西街61号(中兴新村),32.035584,118.772193,20,mid,4.7,高德,高德POI,,,,周一至周日 06:30-20:00,,1,高德评分 4.7 的汤包店,,mid,0,高德POI:B0FFITHX6U,,高德批量拉取；评分与人均来自高德，非大众点评
F242,D015,南京,鸭血粉丝汤,金中鸭血粉丝汤(福建路店),,萨家湾小区南门东南50米,32.082290,118.761711,15,mid,4.8,高德,高德POI,,,,周一至周日 00:00-24:00,,1,高德评分 4.8 的鸭血粉丝汤店,,mid,0,高德POI:B00190893Y,,高德批量拉取；评分与人均来自高德，非大众点评
F243,D015,南京,鸭血粉丝汤,小潘记鸭血粉丝汤,,中山东路198号龙台国际大厦星巴克旁,32.040697,118.793211,34,mid,4.7,高德,高德POI,,,,周一至周日 08:00-20:00,,1,高德评分 4.7 的鸭血粉丝汤店,,mid,0,高德POI:B0FFF90J6O,,高德批量拉取；评分与人均来自高德，非大众点评
F244,D015,南京,鸭血粉丝汤,金原鸭血粉丝汤总店(锁金村店),,南京市第十三中学锁金分校西南门东110米,32.070990,118.818372,24,mid,4.6,高德,高德POI,,,,周一至周日 07:00-22:30,,1,高德评分 4.6 的鸭血粉丝汤店,,mid,0,高德POI:B0FFKH3JU7,,高德批量拉取；评分与人均来自高德，非大众点评
F245,D015,南京,锅贴,草桥清真牛肉锅贴扁食店,,七家湾11号,32.029874,118.778191,24,mid,4.7,高德,高德POI,,,,周一至周日 04:30-19:30,,1,高德评分 4.7 的锅贴店,,mid,0,高德POI:B0FFLFMX2C,,高德批量拉取；评分与人均来自高德，非大众点评
F246,D015,南京,锅贴,二子锅贴(郑和南路),,新河一村5号附3-5,32.069181,118.735180,16,mid,4.7,高德,高德POI,,,,周一至周日 05:30-13:00 2026-02-15至2026-02-26 ,,1,高德评分 4.7 的锅贴店,,mid,0,高德POI:B0FFFLIVY2,,高德批量拉取；评分与人均来自高德，非大众点评
F247,D015,南京,锅贴,金春锅贴,,云南路54号(云南路地铁站5B口步行120米),32.060641,118.774418,16,mid,4.6,高德,高德POI,,,,周一至周日 06:30-19:30,,1,高德评分 4.6 的锅贴店,,mid,0,高德POI:B0FFFHMORD,,高德批量拉取；评分与人均来自高德，非大众点评
F248,D015,南京,牛肉锅贴,正清牛肉锅贴店,,许府巷江西路2-1,32.081496,118.782403,25,mid,4.6,高德,高德POI,,,,周一至周日 06:30-19:00,,1,高德评分 4.6 的牛肉锅贴店,,mid,0,高德POI:B00190B1L6,,高德批量拉取；评分与人均来自高德，非大众点评
F249,D015,南京,牛肉锅贴,老新隆李氏牛肉锅贴(南湖东路店),,南湖东路74号(育英村西南2门旁),32.027660,118.757263,30,mid,4.6,高德,高德POI,,,,周一至周日 07:00-20:30,,1,高德评分 4.6 的牛肉锅贴店,,mid,0,高德POI:B0FFKFF8HR,,高德批量拉取；评分与人均来自高德，非大众点评
F250,D015,南京,牛肉锅贴,吉记老七家湾牛肉锅贴,,兆园65号22幢102室,32.030605,118.748700,20,mid,4.5,高德,高德POI,,,,周一至周日 07:00-19:00,,1,高德评分 4.5 的牛肉锅贴店,,mid,0,高德POI:B0L6ZDYK69,,高德批量拉取；评分与人均来自高德，非大众点评
F251,D015,南京,糖粥藕,蓝老大糖粥藕店(双塘路),,双塘路47号,32.022864,118.774782,13,mid,4.5,高德,高德POI,,,,周一至周日 06:00-22:00,,1,高德评分 4.5 的糖粥藕店,,mid,0,高德POI:B00190BL8C,,高德批量拉取；评分与人均来自高德，非大众点评
F252,D015,南京,糖粥藕,蓝老大糖粥藕(箍桶巷),,老门东三条营49-3号,32.011751,118.786890,12,mid,4.3,高德,高德POI,,,,周一至周日 10:00-22:00,,1,高德评分 4.3 的糖粥藕店,,mid,0,高德POI:B0FFFDRA6O,,高德批量拉取；评分与人均来自高德，非大众点评
F253,D015,南京,中餐厅,南京大牌档(中山陵紫金坊店),,中山门大街9号(近中山陵风景区),32.040974,118.835665,70,mid,4.7,高德,高德POI,,,,周一至周日 10:30-21:00,,1,高德评分 4.7；搜「糖粥藕」时命中，实际是中餐厅,,mid,0,高德POI:B001911OCH,,高德批量拉取；评分与人均来自高德，非大众点评
F254,D023,长沙,中餐厅,壹双好手,,大汉建材东湖路717号,28.200251,113.080243,73,mid,4.9,高德,高德POI,,,,"周一至周日 11:00-14:00,17:00-21:00",,1,高德评分 4.9；搜「湘菜」时命中，实际是中餐厅,,mid,0,高德POI:B0FFHDDPBZ,,高德批量拉取；评分与人均来自高德，非大众点评
F255,D023,长沙,湖南菜(湘菜),冇味湘潭菜(岳麓山总店),,枫林一路8号,28.195538,112.955515,64,mid,4.8,高德,高德POI,,,,"周一至周日 10:30-14:00,17:00-21:00",,1,高德评分 4.8；搜「湘菜」时命中，实际是湖南菜(湘菜),,mid,0,高德POI:B0H1M91EAG,,高德批量拉取；评分与人均来自高德，非大众点评
F256,D023,长沙,中餐厅,耕渔雅院·湖南鱼鲜(雨花店),,玉竹路27号,28.133256,113.046763,96,mid,4.8,高德,高德POI,,,,"周一至周日 11:00-14:00,17:20-21:00",,1,高德评分 4.8；搜「湘菜」时命中，实际是中餐厅,,mid,0,高德POI:B0LB7S3I89,,高德批量拉取；评分与人均来自高德，非大众点评
F257,D023,长沙,臭豆腐,豆夫酥酥臭名远扬臭豆腐(黑金店),,麓山南路360号,28.171022,112.944385,14,mid,4.7,高德,高德POI,,,,周一至周日 10:30-22:30,,1,高德评分 4.7 的臭豆腐店,,mid,0,高德POI:B02DB0VO1Z,,高德批量拉取；评分与人均来自高德，非大众点评
F258,D023,长沙,臭豆腐,黑色经典臭豆腐(五一庙街店),,通泰街街道五一大道868号皇冠假日酒店一层A特05商铺,28.195904,112.976061,21,mid,4.6,高德,高德POI,,,,周一至周日 09:00-24:00,,1,高德评分 4.6 的臭豆腐店,,mid,0,高德POI:B0H1CS3IJY,,高德批量拉取；评分与人均来自高德，非大众点评
F259,D023,长沙,臭豆腐,黑色经典长沙臭豆腐(太平街口店),,坡子街街道西牌楼社区新胜村15号,28.194705,112.971669,20,mid,4.4,高德,高德POI,,,,周一至周日 09:00-24:00,,1,高德评分 4.4 的臭豆腐店,,mid,0,高德POI:B0FFK3PZG1,,高德批量拉取；评分与人均来自高德，非大众点评
F260,D023,长沙,口味虾,严三毛口味虾(迎新路总店),,迎新路5号,28.114810,112.992573,101,mid,4.7,高德,高德POI,,,,周一至周日 17:00-03:00,,1,高德评分 4.7 的口味虾店,,mid,0,高德POI:B0FFHR8I05,,高德批量拉取；评分与人均来自高德，非大众点评
F261,D023,长沙,口味虾,辣不怕口味虾(长沙总店),,凌霄路53号,28.202594,113.021974,91,mid,4.6,高德,高德POI,,,,周一至周日 17:00-03:00,,1,高德评分 4.6 的口味虾店,,mid,0,高德POI:B02DB05N88,,高德批量拉取；评分与人均来自高德，非大众点评
F262,D023,长沙,中餐厅,大晴老板不在·锡纸烧烤大排档,,德雅路1281号(停车可导航至时代先锋地面停车场出入口),28.231509,113.013883,65,mid,4.9,高德,高德POI,,,,周一至周日 16:30-02:30,,1,高德评分 4.9；搜「口味虾」时命中，实际是中餐厅,,mid,0,高德POI:B0FFG8TWNC,,高德批量拉取；评分与人均来自高德，非大众点评
F263,D023,长沙,糖油粑粑,老头子糖油粑粑,,麓山南路158号(近湖南大学),28.174192,112.945291,6,mid,4.6,高德,高德POI,,,,周一至周日 10:00-21:00,,1,高德评分 4.6 的糖油粑粑店,,mid,0,高德POI:B02DB0VWYV,,高德批量拉取；评分与人均来自高德，非大众点评
F264,D023,长沙,糖油粑粑,李公庙糖油粑粑(李公庙巷),,黄兴北路李公庙巷7号,28.198274,112.975929,9,mid,4.5,高德,高德POI,,,,周一至周日 11:00-21:00,,1,高德评分 4.5 的糖油粑粑店,,mid,0,高德POI:B02DB0WRWE,,高德批量拉取；评分与人均来自高德，非大众点评
F265,D023,长沙,糖油粑粑,糖油粑粑臭豆腐(蔡锷北路店),,蔡锷北路317号,28.205582,112.981510,7,mid,4.4,高德,高德POI,,,,周一至周日 08:00-21:00,,1,高德评分 4.4 的糖油粑粑店,,mid,0,高德POI:B0I1UX4JSU,,高德批量拉取；评分与人均来自高德，非大众点评
F266,D023,长沙,米粉,易裕和·长沙米粉(竹塘西店),,竹塘西路180号天鸿小区12栋东一楼,28.142573,112.988180,18,mid,4.8,高德,高德POI,,,,周一至周日 05:30-03:30,,1,高德评分 4.8 的米粉店,,mid,0,高德POI:B0FFKBBH53,,高德批量拉取；评分与人均来自高德，非大众点评
F267,D023,长沙,中餐厅,傻老米长沙羊肉粉,,新开铺路853号黑石铺第128栋,28.104105,112.962303,20,mid,4.8,高德,高德POI,,,,周一至周日 06:30-22:00,,1,高德评分 4.8；搜「米粉」时命中，实际是中餐厅,,mid,0,高德POI:B0H6N7FVC9,,高德批量拉取；评分与人均来自高德，非大众点评
F268,D023,长沙,快餐厅,八一桥原味粉馆(八一桥店),,八一路617号,28.198001,112.986995,16,mid,4.7,高德,高德POI,,,,周一至周日 00:00-24:00,,1,高德评分 4.7；搜「米粉」时命中，实际是快餐厅,,mid,0,高德POI:B02DB077Y3,,高德批量拉取；评分与人均来自高德，非大众点评
F269,D023,长沙,剁椒鱼头,坛宗剁椒鱼头(悦方店),,坡子街悦方IDmall5楼508-2号商铺,28.189825,112.975324,96,mid,4.6,高德,高德POI,,,,周一至周日 11:00-21:00,,1,高德评分 4.6 的剁椒鱼头店,,mid,0,高德POI:B0FFJRYDNU,,高德批量拉取；评分与人均来自高德，非大众点评
F270,D023,长沙,剁椒鱼头,渔乡米香·剁椒鱼头(桔园店),,桔园路2号,28.147783,112.997225,65,mid,4.6,高德,高德POI,,,,"周一至周日 11:00-14:00,17:00-21:00 2026-02-17",,1,高德评分 4.6 的剁椒鱼头店,,mid,0,高德POI:B0FFFY48YU,,高德批量拉取；评分与人均来自高德，非大众点评
F271,D023,长沙,中餐厅,我家小院(高云店),,新韶山路青雅丽发学校旁,28.054146,113.020650,50,mid,4.8,高德,高德POI,,,,"周一至周日 10:00-14:00,16:30-21:00",,1,高德评分 4.8；搜「剁椒鱼头」时命中，实际是中餐厅,,mid,0,高德POI:B0HDCZJFWC,,高德批量拉取；评分与人均来自高德，非大众点评
F272,D023,长沙,钵子菜,炖钵钵常德钵子菜(观沙岭总店),,观沙岭街道石岭塘小区11栋101号,28.236824,112.949966,53,mid,4.6,高德,高德POI,,,,周一至周日 10:00-21:30,,1,高德评分 4.6 的钵子菜店,,mid,0,高德POI:B0L1KUUFJG,,高德批量拉取；评分与人均来自高德，非大众点评
F273,D023,长沙,中餐厅,宴武陵中餐厅·汉寿甲鱼常德菜馆(梅溪半岛店),,梅溪湖街道连湖八路6号梅溪半岛B栋2层1号,28.183951,112.884482,167,mid,4.7,高德,高德POI,,,,"周一至周日 09:00-14:00,16:00-21:30",,1,高德评分 4.7；搜「钵子菜」时命中，实际是中餐厅,,mid,0,高德POI:B0HUMHUALK,,高德批量拉取；评分与人均来自高德，非大众点评
F274,D023,长沙,中餐厅,东湖印象·汉寿甲鱼常德菜馆(北辰店),,紫凤路北辰三角洲奥城D2区534号2楼,28.236403,112.980963,200,mid,4.7,高德,高德POI,,,,"周一至周日 09:00-14:00,16:00-21:30",,1,高德评分 4.7；搜「钵子菜」时命中，实际是中餐厅,,mid,0,高德POI:B0FFMD70HB,,高德批量拉取；评分与人均来自高德，非大众点评
F275,D024,张家界,土家菜,渔你湘约·地道土家菜(天门山店),,南庄坪街道永康社区商业街,29.127761,110.464853,49,mid,4.5,高德,高德POI,,,,周一至周日 09:30-21:30,,1,高德评分 4.5 的土家菜店,,mid,0,高德POI:B0JGFHPJMY,,高德批量拉取；评分与人均来自高德，非大众点评
F276,D024,张家界,风景名胜,索溪山寨·湘西饮食文化(标志门店),,吴家峪居委会七组驼峰路交叉口东南角,29.352141,110.539383,70,mid,4.7,高德,高德POI,,,,周一至周日 10:00-22:30,,1,高德评分 4.7；搜「土家菜」时命中，实际是风景名胜,,mid,0,高德POI:B0FFI9ZAUC,,高德批量拉取；评分与人均来自高德，非大众点评
F277,D024,张家界,中餐厅,索溪山寨·湘西民间土菜(天门山索道店),,官黎坪街道南城金座5栋2号门面,29.110868,110.483917,61,mid,4.7,高德,高德POI,,,,周一至周日 10:00-22:30,,1,高德评分 4.7；搜「土家菜」时命中，实际是中餐厅,,mid,0,高德POI:B0LRPZRFQ6,,高德批量拉取；评分与人均来自高德，非大众点评
F278,D024,张家界,三下锅,老妈下饭菜.家常菜三下锅(南庄坪),,南庄坪办事处原种场商业街88号(高盛·澧园二号苑南门南50米),29.128755,110.464770,48,mid,4.7,高德,高德POI,,,,周一至周日 09:30-21:30,,1,高德评分 4.7 的三下锅店,,mid,0,高德POI:B0FFI76O45,,高德批量拉取；评分与人均来自高德，非大众点评
F279,D024,张家界,三下锅,李憨憨三下锅(天门山索道店),,官黎坪街道新松机器人欢乐城1幢1层S107、S108、S109,29.114238,110.484677,37,mid,4.7,高德,高德POI,,,,周一至周日 11:00-22:00,,1,高德评分 4.7 的三下锅店,,mid,0,高德POI:B0K2HCO0N8,,高德批量拉取；评分与人均来自高德，非大众点评
F280,D024,张家界,三下锅,富正毅三下锅(溪布街店),,溪布街梓园东路1号,29.344165,110.553826,30,mid,4.6,高德,高德POI,,,,周一至周日 10:00-22:00,,1,高德评分 4.6 的三下锅店,,mid,0,高德POI:B0FFFXNZ1X,,高德批量拉取；评分与人均来自高德，非大众点评
F281,D024,张家界,腊肉,老八区腊肉公社(靛达大厦店),,靛达广场,29.113792,110.484610,65,mid,4.4,高德,高德POI,,,,周一至周日 10:00-21:00,,1,高德评分 4.4 的腊肉店,,mid,0,高德POI:B0ID4RPNBI,,高德批量拉取；评分与人均来自高德，非大众点评
F282,D024,张家界,腊肉,这么湘-大蒜炒腊肉,,大庸府城西南1门旁,29.125044,110.485147,84,mid,4.3,高德,高德POI,,,,周一至周日 11:00-22:00,,1,高德评分 4.3 的腊肉店,,mid,0,高德POI:B0L27CJVXK,,高德批量拉取；评分与人均来自高德，非大众点评
F283,D024,张家界,中餐厅,老张家三下锅(月亮湾总店),,大庸路月亮湾一期金月阁104号门面,29.130642,110.456055,55,mid,4.7,高德,高德POI,,,,周一至周日 10:00-21:00,,1,高德评分 4.7；搜「腊肉」时命中，实际是中餐厅,,mid,0,高德POI:B02E80N8ZL,,高德批量拉取；评分与人均来自高德，非大众点评
F284,D025,湘西,中餐厅,曾掌柜土鸡馆(湘州阳光店),,朝阳路12号湘州阳光东南门旁,28.263399,109.704033,50,mid,4.7,高德,高德POI,,,,周一至周日 10:00-21:00,,1,高德评分 4.7；搜「湘西菜」时命中，实际是中餐厅,,mid,0,高德POI:B0KGOMLFWF,,高德批量拉取；评分与人均来自高德，非大众点评
F285,D025,湘西,综合酒楼,城墙人家酒楼(凤凰古城店),,标营街5号(近北门城楼),27.949705,109.601989,38,mid,4.6,高德,高德POI,,,,周一至周日 10:30-23:00,,1,高德评分 4.6；搜「湘西菜」时命中，实际是综合酒楼,,mid,0,高德POI:B02E7000OZ,,高德批量拉取；评分与人均来自高德，非大众点评
F286,D025,湘西,中餐厅,滕麻子土菜馆,,沱江镇南华路(原司法局)4-7号门面,27.950011,109.599057,56,mid,4.6,高德,高德POI,,,,周一至周日 10:30-23:30,,1,高德评分 4.6；搜「湘西菜」时命中，实际是中餐厅,,mid,0,高德POI:B0LRG1TZVU,,高德批量拉取；评分与人均来自高德，非大众点评
F287,D025,湘西,中餐厅,食季,,沱江镇虹桥中路33号,27.946981,109.605242,52,mid,4.6,高德,高德POI,,,,周一至周日 10:00-23:00,,1,高德评分 4.6；搜「血粑鸭」时命中，实际是中餐厅,,mid,0,高德POI:B0J1D5UEJA,,高德批量拉取；评分与人均来自高德，非大众点评
F288,D025,湘西,中餐厅,俊子饭店(凤凰古城店),,虹桥中路104号,27.945508,109.602737,48,mid,4.5,高德,高德POI,,,,周一至周日 09:00-24:00,,1,高德评分 4.5；搜「血粑鸭」时命中，实际是中餐厅,,mid,0,高德POI:B02E70MAKW,,高德批量拉取；评分与人均来自高德，非大众点评
F289,D025,湘西,湖南菜(湘菜),凤湘楼饭店(凤凰古城店),,沱江镇虹桥中路114号105号,27.945549,109.602597,33,mid,4.5,高德,高德POI,,,,周一至周日 10:00-23:00,,1,高德评分 4.5；搜「血粑鸭」时命中，实际是湖南菜(湘菜),,mid,0,高德POI:B0KKC7MUN2,,高德批量拉取；评分与人均来自高德，非大众点评
F290,D025,湘西,米豆腐,天星庵米豆腐,,乾州街道接丰社区四组天星巷123号,28.252722,109.679504,14,mid,4.4,高德,高德POI,,,,,,1,高德评分 4.4 的米豆腐店,,mid,0,高德POI:B0JRYD366J,,高德批量拉取；评分与人均来自高德，非大众点评
F291,D025,湘西,米豆腐,老地方米豆腐,,关帝路与长沙街交叉口北60米,28.785280,109.296472,14,mid,4.3,高德,高德POI,,,,周一至周日 11:00-18:30,,1,高德评分 4.3 的米豆腐店,,mid,0,高德POI:B0FFJX5EGD,,高德批量拉取；评分与人均来自高德，非大众点评
F292,D025,湘西,中餐厅,今慕腊味馆[湖南卫视推荐],,芙蓉镇商合社区263号,28.747110,109.951414,70,mid,4.6,高德,高德POI,,,,周一至周日 09:00-23:00,,1,高德评分 4.6；搜「米豆腐」时命中，实际是中餐厅,,mid,0,高德POI:B0GKBSGE5R,,高德批量拉取；评分与人均来自高德，非大众点评
F293,D043,北京,烤鸭,四季民福烤鸭店(王府井东安门店),,东安门大街53号万程华府酒店1楼,39.915563,116.408131,145,mid,4.7,高德,高德POI,,,,周一至周四 10:30-21:30；周五至周日 10:30-22:30,,1,高德评分 4.7 的烤鸭店,,mid,0,高德POI:B0FFHELWET,,高德批量拉取；评分与人均来自高德，非大众点评
F294,D043,北京,烤鸭,紫光园·烤鸭·北京菜(崇文门店),,北京城区东打磨厂7号宝鼎中心B座一层,39.899486,116.412843,60,mid,4.6,高德,高德POI,,,,"周一至周日 06:00-10:00,10:30-21:30",,1,高德评分 4.6 的烤鸭店,,mid,0,高德POI:B0H04DCOJK,,高德批量拉取；评分与人均来自高德，非大众点评
F295,D043,北京,烤鸭,喜悦新京菜·烤鸭(王府井喜悦店),,王府井大街301号王府井喜悦F7层(王府井地铁站E1口旁),39.909825,116.410725,96,mid,4.6,高德,高德POI,,,,周一至周日 11:00-21:30,,1,高德评分 4.6 的烤鸭店,,mid,0,高德POI:B0K0J75YLT,,高德批量拉取；评分与人均来自高德，非大众点评
F296,D043,北京,涮羊肉,京州涮·老北京铜锅涮羊肉(王府井故宫店),,东安门大街55号一层117,39.915632,116.407278,84,mid,4.6,高德,高德POI,,,,周一至周日 10:30-22:00,,1,高德评分 4.6 的涮羊肉店,,mid,0,高德POI:B0KK35XABH,,高德批量拉取；评分与人均来自高德，非大众点评
F297,D043,北京,火锅店,南门涮肉(东单店),,建国门内大街26号新闻大厦北门3层,39.907405,116.421739,119,mid,4.8,高德,高德POI,,,,周一至周日 10:30-22:30,,1,高德评分 4.8；搜「涮羊肉」时命中，实际是火锅店,,mid,0,高德POI:B0FFFPGBW3,,高德批量拉取；评分与人均来自高德，非大众点评
F298,D043,北京,火锅店,壹条龙涮肉(台基厂店),,前门东大街2号,39.900433,116.410960,68,mid,4.7,高德,高德POI,,,,周一至周日 11:00-22:00,,1,高德评分 4.7；搜「涮羊肉」时命中，实际是火锅店,,mid,0,高德POI:B000A7NF1Q,,高德批量拉取；评分与人均来自高德，非大众点评
F299,D043,北京,炸酱面,方砖厂69号炸酱面( 前门大街店 ),,前门东路前门大街45号(距离地铁2/8号线前门站G口步行510m),39.896432,116.397916,48,mid,4.7,高德,高德POI,,,,周一至周日 09:30-21:30,,1,高德评分 4.7 的炸酱面店,,mid,0,高德POI:B0H26C27DO,,高德批量拉取；评分与人均来自高德，非大众点评
F300,D043,北京,中餐厅,门框胡同百年卤煮(新街口店),,赵登禹路2号(新街口地铁站B东北口旁),39.940493,116.368821,51,mid,4.8,高德,高德POI,,,,周一至周日 09:30-02:00,,1,高德评分 4.8；搜「炸酱面」时命中，实际是中餐厅,,mid,0,高德POI:B000A9JOL6,,高德批量拉取；评分与人均来自高德，非大众点评
F301,D043,北京,中餐厅,尹记门钉肉饼(天坛店),,法华南里34号楼2座一层106体育馆西路天华公馆底商,39.885223,116.424573,38,mid,4.7,高德,高德POI,,,,"周一至周日 06:00-09:30,10:00-20:30",,1,高德评分 4.7；搜「炸酱面」时命中，实际是中餐厅,,mid,0,高德POI:B0IDYAV6LD,,高德批量拉取；评分与人均来自高德，非大众点评
F302,D043,北京,卤煮,陈记卤煮小肠(廊房二条店),,廊房二条82-84号(前门地铁站I西南口步行420米),39.896939,116.395313,34,mid,4.7,高德,高德POI,,,,周一至周日 09:00-20:00,,1,高德评分 4.7 的卤煮店,,mid,0,高德POI:B000A27129,,高德批量拉取；评分与人均来自高德，非大众点评
F303,D043,北京,卤煮,北新桥卤煮老店(总店),,东四北大街141号(近如家北新桥店),39.937255,116.416819,50,mid,4.7,高德,高德POI,,,,周一至周日 07:30-04:00,,1,高德评分 4.7 的卤煮店,,mid,0,高德POI:B000A7D9XS,,高德批量拉取；评分与人均来自高德，非大众点评
F304,D043,北京,卤煮,南门烤鸭·新京菜·门框卤煮爆肚(北京站店),,北京城区东受禄街37-39号,39.904801,116.430428,60,mid,4.7,高德,高德POI,,,,周一至周日 00:00-24:00,,1,高德评分 4.7 的卤煮店,,mid,0,高德POI:B0L6AMKUW7,,高德批量拉取；评分与人均来自高德，非大众点评
F305,D043,北京,爆肚,爆肚盛(麦子店街小区店),,麦子店街6号楼东侧(宝源饺子屋旁),39.945373,116.468754,89,mid,4.6,高德,高德POI,,,,"周一至周日 11:00-14:00,16:30-21:30",,1,高德评分 4.6 的爆肚店,,mid,0,高德POI:B000A87G3U,,高德批量拉取；评分与人均来自高德，非大众点评
F306,D043,北京,清真菜馆,牛街·马辈儿涮肉(牛街总店),,牛街春风社区南1门东190米,39.883520,116.366482,93,mid,4.8,高德,高德POI,,,,周一至周日 11:00-22:00,,1,高德评分 4.8；搜「爆肚」时命中，实际是清真菜馆,,mid,0,高德POI:B0J12Z1DPP,,高德批量拉取；评分与人均来自高德，非大众点评
F307,D043,北京,清真菜馆,聚宝源(牛街创始店),,北京城区牛街5-2号(牛街地铁站D2口步行390米),39.886721,116.363329,105,mid,4.7,高德,高德POI,,,,周一至周日 10:30-01:00,,1,高德评分 4.7；搜「爆肚」时命中，实际是清真菜馆,,mid,0,高德POI:B000A67FB7,,高德批量拉取；评分与人均来自高德，非大众点评
F308,D043,北京,豆汁,北京老字号牛街宝记豆汁店,,北京城区输入胡同27号(牛街地铁站D2口步行480米),39.886633,116.364356,12,mid,4.7,高德,高德POI,,,,周一至周日 06:00-19:00,,1,高德评分 4.7 的豆汁店,,mid,0,高德POI:B000A10E2D,,高德批量拉取；评分与人均来自高德，非大众点评
F309,D043,北京,豆汁,老磁器口豆汁店,,北京城区天坛北里5号楼前商业楼,39.888646,116.412855,56,mid,4.6,高德,高德POI,,,,周一至周日 06:00-20:00,,1,高德评分 4.6 的豆汁店,,mid,0,高德POI:B0FFKNN07P,,高德批量拉取；评分与人均来自高德，非大众点评
F310,D043,北京,中餐厅,便宜坊烤鸭(新街口店),,北京城区新街口北大街1号新华百货CCmall新街口店F6层,39.947322,116.371178,103,mid,4.6,高德,高德POI,,,,周一至周日 10:00-21:30,,1,高德评分 4.6；搜「豆汁」时命中，实际是中餐厅,,mid,0,高德POI:B0MB4909QP,,高德批量拉取；评分与人均来自高德，非大众点评
F311,D043,北京,烧麦,华云楼烧麦饭庄(站前路店),,沙河镇昌平路141-118号(艾特酒店旁),40.135121,116.266402,74,mid,4.7,高德,高德POI,,,,周一至周日 10:30-21:00 2026-02-17至2026-02-17 ,,1,高德评分 4.7 的烧麦店,,mid,0,高德POI:B000A82T8I,,高德批量拉取；评分与人均来自高德，非大众点评
F312,D043,北京,烧麦,真食净香居·内蒙烧麦(航天桥店),,阜成路23号(北京工商大学阜成路校区东区西门旁),39.924476,116.316477,39,mid,4.6,高德,高德POI,,,,周一至周日 10:30-21:00,,1,高德评分 4.6 的烧麦店,,mid,0,高德POI:B0LRCSF5HM,,高德批量拉取；评分与人均来自高德，非大众点评
F313,D043,北京,烧麦,魁圣阁·内蒙烧麦(积水潭店),,北京城区新街口外大街34号,39.951716,116.372144,56,mid,4.5,高德,高德POI,,,,"周一至周日 10:30-14:30,17:00-21:00 2026-02-13",,1,高德评分 4.5 的烧麦店,,mid,0,高德POI:B0M649KFNF,,高德批量拉取；评分与人均来自高德，非大众点评
F314,D043,北京,京菜,北平楼烤鸭·京菜(牡丹园店),,北京城区牡丹园西里16号楼1-2层,39.979465,116.370263,110,mid,4.8,高德,高德POI,,,,周一至周日 10:30-20:30,,1,高德评分 4.8 的京菜店,,mid,0,高德POI:B000A7OJXW,,高德批量拉取；评分与人均来自高德，非大众点评
F315,D043,北京,京菜,四世同堂·京菜·烤鸭(德胜店),,北京城区北三环中路6号9幢,39.967568,116.388507,144,mid,4.7,高德,高德POI,,,,周一至周日 10:30-22:00,,1,高德评分 4.7 的京菜店,,mid,0,高德POI:B0HASS7G1C,,高德批量拉取；评分与人均来自高德，非大众点评
F316,D043,北京,中餐厅,花家怡园(四合院总店),,东直门内大街235号,39.941723,116.418952,141,mid,4.8,高德,高德POI,,,,"周一至周五 11:00-14:00,17:00-02:00；周六至周日 11:0",,1,高德评分 4.8；搜「京菜」时命中，实际是中餐厅,,mid,0,高德POI:B000A9KC22,,高德批量拉取；评分与人均来自高德，非大众点评
F317,D047,邯郸,烧鸡,马良烧鸡,,朝阳北大街9-2号,36.360943,114.379515,33,mid,4.6,高德,高德POI,,,,周一至周日 07:00-21:00,,1,高德评分 4.6 的烧鸡店,,mid,0,高德POI:B0FFM7FW12,,高德批量拉取；评分与人均来自高德，非大众点评
F318,D047,邯郸,烧鸡,侯记脱骨烧鸡(农林路店),,农林路绿水湾公寓西南侧约40米,36.590674,114.505916,30,mid,4.5,高德,高德POI,,,,周一至周日 08:00-20:00,,1,高德评分 4.5 的烧鸡店,,mid,0,高德POI:B0FFFPGRWL,,高德批量拉取；评分与人均来自高德，非大众点评
F319,D047,邯郸,烧鸡,二毛烧鸡店,,东柳西街39号滏山花园门口南侧,36.601816,114.526737,43,mid,4.5,高德,高德POI,,,,周一至周日 08:00-22:00,,1,高德评分 4.5 的烧鸡店,,mid,0,高德POI:B0FFH1TFYI,,高德批量拉取；评分与人均来自高德，非大众点评
F320,D047,邯郸,拽面,武安三街正宗排骨拽面馆,,复兴路西头华玥加油站东行50米路北,36.611490,114.432618,22,mid,4.6,高德,高德POI,,,,周一至周日 10:00-21:00,,1,高德评分 4.6 的拽面店,,mid,0,高德POI:B0FFFS4EMM,,高德批量拉取；评分与人均来自高德，非大众点评
F321,D047,邯郸,拽面,武安拽面(世纪大街店),,兼庄乡鑫都汇小区对面路东武安拽面,36.612092,114.544967,14,mid,4.6,高德,高德POI,,,,"周一至周日 10:00-15:00,17:00-23:00",,1,高德评分 4.6 的拽面店,,mid,0,高德POI:B0JULYLA3A,,高德批量拉取；评分与人均来自高德，非大众点评
F322,D047,邯郸,拽面,正宗三街大队拽面馆,,矿建路612号,36.697018,114.182985,17,mid,4.5,高德,高德POI,,,,"周一至周日 10:00-14:30,17:30-21:30",,1,高德评分 4.5 的拽面店,,mid,0,高德POI:B013601FGJ,,高德批量拉取；评分与人均来自高德，非大众点评
F323,D047,邯郸,驴肉火烧,乔家驴肉火烧(汉光华府店),,中华大街中船汉光华府320-8号,36.630104,114.496011,18,mid,4.5,高德,高德POI,,,,周一至周日 09:00-22:30,,1,高德评分 4.5 的驴肉火烧店,,mid,0,高德POI:B0FFKLZEZT,,高德批量拉取；评分与人均来自高德，非大众点评
F324,D047,邯郸,驴肉火烧,老烩面驴肉火烧,,家和路与广泰街交叉口东80米,36.635731,114.531091,27,mid,4.4,高德,高德POI,,,,周一至周日 08:00-03:00,,1,高德评分 4.4 的驴肉火烧店,,mid,0,高德POI:B0I07CPJHC,,高德批量拉取；评分与人均来自高德，非大众点评
F325,D047,邯郸,驴肉火烧,河间驴肉火烧(八里碑店),,涉县开发区龙山大街602号,36.579977,113.687020,34,mid,4.3,高德,高德POI,,,,"周一至周日 09:30-14:00,17:00-22:00",,1,高德评分 4.3 的驴肉火烧店,,mid,0,高德POI:B0FFFSERKZ,,高德批量拉取；评分与人均来自高德，非大众点评
F326,D047,邯郸,中餐厅,五谷丰登·邯郸菜(复兴店),,前进大街259号,36.628508,114.448602,72,mid,4.7,高德,高德POI,,,,"周一至周日 10:00-14:00,16:30-21:30",,1,高德评分 4.7；搜「河北菜」时命中，实际是中餐厅,,mid,0,高德POI:B0FFIG4AIX,,高德批量拉取；评分与人均来自高德，非大众点评
F327,D047,邯郸,餐饮相关,华夏盛宴婚礼艺术中心(北湖店)·冀菜精品,,中华北大街833号,36.667093,114.493356,114,mid,4.7,高德,高德POI,,,,周一至周日 10:00-21:30,,1,高德评分 4.7；搜「河北菜」时命中，实际是餐饮相关,,mid,0,高德POI:B0I295HXC5,,高德批量拉取；评分与人均来自高德，非大众点评
F328,D047,邯郸,中餐厅,华夏盛宴(赵都新城店)·冀菜精品示范店,,水厂路与惠文街交叉口东南角,36.580920,114.486461,91,mid,4.7,高德,高德POI,,,,周一至周日 08:30-21:30,,1,高德评分 4.7；搜「河北菜」时命中，实际是中餐厅,,mid,0,高德POI:B0G3MR12F8,,高德批量拉取；评分与人均来自高德，非大众点评
F329,D057,厦门,沙茶面,四里沙茶面(原湖滨四里店),,槟榔西路146号-1,24.479526,118.113472,35,mid,4.7,高德,高德POI,,,,周一至周日 07:00-20:00,,1,高德评分 4.7 的沙茶面店,,mid,0,高德POI:B0HUAU7E8M,,高德批量拉取；评分与人均来自高德，非大众点评
F330,D057,厦门,沙茶面,五兰沙茶面馆(曾厝垵店),,曾厝垵教堂街300号-1(基督教教堂正门口),24.427574,118.125329,39,mid,4.6,高德,高德POI,,,,周一至周日 08:00-21:00,,1,高德评分 4.6 的沙茶面店,,mid,0,高德POI:B0GRRLJE9P,,高德批量拉取；评分与人均来自高德，非大众点评
F331,D057,厦门,沙茶面,老溪岸沙茶面,,溪岸路224号,24.461247,118.088955,27,mid,4.6,高德,高德POI,,,,周一至周日 07:00-22:30,,1,高德评分 4.6 的沙茶面店,,mid,0,高德POI:B0FFH2GMPZ,,高德批量拉取；评分与人均来自高德，非大众点评
F332,D057,厦门,海蛎煎,莲欢海蛎煎(局口横巷),,局口街局口横巷6号(近思明南路),24.454822,118.080581,30,mid,4.5,高德,高德POI,,,,周一至周日 10:00-24:00,,1,高德评分 4.5 的海蛎煎店,,mid,0,高德POI:B02500S0HE,,高德批量拉取；评分与人均来自高德，非大众点评
F333,D057,厦门,中餐厅,阿忠食坊大排档·20年老店(万象城店),,金榜路111之一(湖滨东路地铁站2号口步行230米),24.471967,118.109430,109,mid,4.7,高德,高德POI,,,,"周一至周日 11:00-15:00,16:30-02:00",,1,高德评分 4.7；搜「海蛎煎」时命中，实际是中餐厅,,mid,0,高德POI:B02500QG1G,,高德批量拉取；评分与人均来自高德，非大众点评
F334,D057,厦门,中餐厅,好食来大排档(32年美食航标店),,湖滨南路24号(市工商局对面),24.466844,118.085364,95,mid,4.7,高德,高德POI,,,,"周一至周日 11:00-16:00,17:00-23:30",,1,高德评分 4.7；搜「海蛎煎」时命中，实际是中餐厅,,mid,0,高德POI:B025002K49,,高德批量拉取；评分与人均来自高德，非大众点评
F335,D057,厦门,土笋冻,三都土笋冻,,海沧镇新大街56号,24.462111,117.983654,44,mid,4.6,高德,高德POI,,,,周一至周日 07:30-20:30,,1,高德评分 4.6 的土笋冻店,,mid,0,高德POI:B0FFIPCHLO,,高德批量拉取；评分与人均来自高德，非大众点评
F336,D057,厦门,土笋冻,铭聚章鱼土笋冻(长青北里)总店,,长青北里11号,24.490834,118.119926,61,mid,4.5,高德,高德POI,,,,周一至周日 10:00-21:00,,1,高德评分 4.5 的土笋冻店,,mid,0,高德POI:B0FFHVVZJ2,,高德批量拉取；评分与人均来自高德，非大众点评
F337,D057,厦门,土笋冻,老二市口土笋冻,,后河路与厦禾路交叉口东南20米,24.462243,118.090236,23,mid,4.4,高德,高德POI,,,,周一至周日 09:00-22:00,,1,高德评分 4.4 的土笋冻店,,mid,0,高德POI:B0KRSRIC8Z,,高德批量拉取；评分与人均来自高德，非大众点评
F338,D057,厦门,姜母鸭,颜味鑫姜母鸭(仁德里小区店),,仁德里小区东北门东60米,24.625860,118.047185,49,mid,4.7,高德,高德POI,,,,"周一至周日 09:30-14:00,15:30-19:30",,1,高德评分 4.7 的姜母鸭店,,mid,0,高德POI:B0FFH67GFJ,,高德批量拉取；评分与人均来自高德，非大众点评
F339,D057,厦门,姜母鸭,百家春好德来姜母鸭,,中兴路40号(中山公园地铁站3B口步行440米),24.459530,118.092806,60,mid,4.7,高德,高德POI,,,,周一至周日 11:00-21:00,,1,高德评分 4.7 的姜母鸭店,,mid,0,高德POI:B02500QENK,,高德批量拉取；评分与人均来自高德，非大众点评
F340,D057,厦门,姜母鸭,大嘴哥姜母鸭(嵩屿店),,嵩屿路(近农业银行),24.453130,118.037909,55,mid,4.6,高德,高德POI,,,,周一至周日 08:00-20:00,,1,高德评分 4.6 的姜母鸭店,,mid,0,高德POI:B0FFFY1R0G,,高德批量拉取；评分与人均来自高德，非大众点评
F341,D057,厦门,花生汤,思北花生汤,,鹭江街道双莲池社区思明北路64-101号,24.457171,118.079633,16,mid,4.5,高德,高德POI,,,,周一至周日 06:00-03:00,,1,高德评分 4.5 的花生汤店,,mid,0,高德POI:B0FFF2I56V,,高德批量拉取；评分与人均来自高德，非大众点评
F342,D057,厦门,花生汤,思北佘阿姨花生汤,,思明北路58号101,24.456931,118.079620,16,mid,4.5,高德,高德POI,,,,周一至周日 10:00-00:30 2026-02-15至2026-02-17 ,,1,高德评分 4.5 的花生汤店,,mid,0,高德POI:B0FFHFEWQ2,,高德批量拉取；评分与人均来自高德，非大众点评
F343,D057,厦门,花生汤,502花生汤,,斗西路209号电控大厦F1层,24.463608,118.085942,16,mid,4.5,高德,高德POI,,,,周一至周日 00:00-24:00,,1,高德评分 4.5 的花生汤店,,mid,0,高德POI:B0FFF4J5EG,,高德批量拉取；评分与人均来自高德，非大众点评
F344,D057,厦门,闽南菜,临家闽南菜(环岛路店),,环岛南路308号-1号,24.424218,118.124715,125,mid,4.7,高德,高德POI,,,,周一至周日 11:00-21:00,,1,高德评分 4.7 的闽南菜店,,mid,0,高德POI:B0FFFD1WU8,,高德批量拉取；评分与人均来自高德，非大众点评
F345,D057,厦门,闽南菜,嘉庆君闽南菜,,祥岭二路258号,24.505291,118.141859,141,mid,4.6,高德,高德POI,,,,周一至周日 00:00-24:00,,1,高德评分 4.6 的闽南菜店,,mid,0,高德POI:B0JDFDXH2Z,,高德批量拉取；评分与人均来自高德，非大众点评
F346,D057,厦门,闽南菜,茶油香闽南菜(前埔店),,莲前街道吕岭路上东美地1384号2楼(近赤坡山公交站),24.483960,118.171989,98,mid,4.6,高德,高德POI,,,,"周一至周日 10:00-14:00,16:30-22:00",,1,高德评分 4.6 的闽南菜店,,mid,0,高德POI:B0FFHHKN78,,高德批量拉取；评分与人均来自高德，非大众点评
F347,D057,厦门,烧肉粽,歪头烧肉粽,,纺织路12之1-104号,24.565259,118.047153,15,mid,4.4,高德,高德POI,,,,周一至周日 09:00-20:00,,1,高德评分 4.4 的烧肉粽店,,mid,0,高德POI:B0JUDH1H7T,,高德批量拉取；评分与人均来自高德，非大众点评
F348,D057,厦门,中餐厅,侯记面线糊(大唐店),,兴隆路644号六期30,24.510192,118.126227,31,mid,4.6,高德,高德POI,,,,周一至周日 07:00-21:00,,1,高德评分 4.6；搜「烧肉粽」时命中，实际是中餐厅,,mid,0,高德POI:B02500QFDV,,高德批量拉取；评分与人均来自高德，非大众点评
F349,D057,厦门,餐饮相关,郑氏古法沙茶面,,曾厝埯村前田社14号之一,24.434487,118.117863,28,mid,4.5,高德,高德POI,,,,"周一至周日 11:30-14:30,17:00-23:00",,1,高德评分 4.5；搜「烧肉粽」时命中，实际是餐饮相关,,mid,0,高德POI:B0J225XDUN,,高德批量拉取；评分与人均来自高德，非大众点评
F350,D057,厦门,面线糊,阿玲面线糊(溪岸路店),,溪岸路63号之1号,24.461611,118.092190,22,mid,4.5,高德,高德POI,,,,"周一至周日 06:00-10:30,11:00-14:00 2026-02-16",,1,高德评分 4.5 的面线糊店,,mid,0,高德POI:B025003K2T,,高德批量拉取；评分与人均来自高德，非大众点评
F351,D057,厦门,面线糊,祥记泉州面线糊(禾祥东店),,禾祥东路12-26号(益城广场东北门旁),24.469849,118.107716,23,mid,4.5,高德,高德POI,,,,周一至周日 00:00-24:00,,1,高德评分 4.5 的面线糊店,,mid,0,高德POI:B0FFHGR6PV,,高德批量拉取；评分与人均来自高德，非大众点评
F352,D057,厦门,面线糊,荣记面线糊(瑞景店),,洪莲路368号之二(古地石地铁站2号口步行310米),24.483146,118.162193,24,mid,4.5,高德,高德POI,,,,"周一至周日 07:00-14:00,16:00-22:00",,1,高德评分 4.5 的面线糊店,,mid,0,高德POI:B0FFHHKMM6,,高德批量拉取；评分与人均来自高德，非大众点评
F353,D058,泉州,面线糊,小怣面线糊,,青阳街道霞行社区泉安中路522号(达兴楼东门旁),24.808450,118.583511,19,mid,4.8,高德,高德POI,,,,周一至周日 00:00-24:00,,1,高德评分 4.8 的面线糊店,,mid,0,高德POI:B0J6355TQD,,高德批量拉取；评分与人均来自高德，非大众点评
F354,D058,泉州,面线糊,平啊面线糊,,北门街230号附近,24.922810,118.592190,19,mid,4.7,高德,高德POI,,,,周一至周日 05:30-13:30 2026-02-16至2026-02-25 ,,1,高德评分 4.7 的面线糊店,,mid,0,高德POI:B0IA3CZOTE,,高德批量拉取；评分与人均来自高德，非大众点评
F355,D058,泉州,面线糊,婷婷面线糊,,百源路55号,24.904591,118.591132,21,mid,4.7,高德,高德POI,,,,"周一至周日 00:00-14:30,16:00-24:00",,1,高德评分 4.7 的面线糊店,,mid,0,高德POI:B0FFIJQSFS,,高德批量拉取；评分与人均来自高德，非大众点评
F356,D058,泉州,闽南菜,临家闽南菜(泉州店),,宝洲路中段北侧108号(东海大酒店二楼),24.884716,118.596496,110,mid,4.7,高德,高德POI,,,,"周一至周日 11:00-14:00,17:00-21:00",,1,高德评分 4.7 的闽南菜店,,mid,0,高德POI:B0FFGB542F,,高德批量拉取；评分与人均来自高德，非大众点评
F357,D058,泉州,闽南菜,老阿伯闽南菜,,清源街道北门社区城北路600-2号、600-3号,24.920294,118.584963,64,mid,4.6,高德,高德POI,,,,"周一至周日 09:30-14:00,17:00-21:30",,1,高德评分 4.6 的闽南菜店,,mid,0,高德POI:B0H2PANKAF,,高德批量拉取；评分与人均来自高德，非大众点评
F358,D058,泉州,闽南菜,临鲤闽南菜(晋江万达店),,世纪大道888号万达广场泉州晋江店3F层,24.818125,118.574125,71,mid,4.5,高德,高德POI,,,,"周一至周日 11:00-14:30,17:00-21:00",,1,高德评分 4.5 的闽南菜店,,mid,0,高德POI:B0LUH7FM0M,,高德批量拉取；评分与人均来自高德，非大众点评
F359,D058,泉州,中餐厅,源记巷内牛肉馆(总店),,执节巷28号,24.918249,118.597817,33,mid,4.7,高德,高德POI,,,,周一至周日 11:00-20:00,,1,高德评分 4.7；搜「牛肉羹」时命中，实际是中餐厅,,mid,0,高德POI:B0FFGGZ9FL,,高德批量拉取；评分与人均来自高德，非大众点评
F360,D058,泉州,中餐厅,天财牛肉馆(泉州总店),,临江街道义全街47-49号,24.895554,118.592739,38,mid,4.6,高德,高德POI,,,,周一至周日 10:00-02:00,,1,高德评分 4.6；搜「牛肉羹」时命中，实际是中餐厅,,mid,0,高德POI:B0KRS5H8GV,,高德批量拉取；评分与人均来自高德，非大众点评
F361,D058,泉州,中餐厅,功牛泉州牛肉小吃(三里街店),,安海镇金沙城鸿志路125号,24.710492,118.461985,25,mid,4.6,高德,高德POI,,,,周一至周日 08:30-22:30,,1,高德评分 4.6；搜「牛肉羹」时命中，实际是中餐厅,,mid,0,高德POI:B0FFMBG3KX,,高德批量拉取；评分与人均来自高德，非大众点评
F362,D058,泉州,润饼菜,阿菇润饼菜,,龙湖镇南浔村大同路45号,24.672449,118.630646,11,mid,4.4,高德,高德POI,,,,周一至周日 10:00-19:00,,1,高德评分 4.4 的润饼菜店,,mid,0,高德POI:B0FFKSIEWO,,高德批量拉取；评分与人均来自高德，非大众点评
F363,D058,泉州,润饼菜,王记润饼菜(糖房街店),,凤凰城2期12号楼A区天桥下NQ26号店铺,24.739280,118.628327,12,mid,4.4,高德,高德POI,,,,周一至周日 10:00-18:00 2026-02-16至2026-02-23 ,,1,高德评分 4.4 的润饼菜店,,mid,0,高德POI:B0H3ZCEARC,,高德批量拉取；评分与人均来自高德，非大众点评
F364,D058,泉州,润饼菜,阿媚润饼菜(文明大厦店),,银苑路与金深路交叉口东北160米,24.577038,118.605115,-1,low,4.4,高德,高德POI,,,,周一至周日 09:00-21:00,,1,高德评分 4.4 的润饼菜店,,mid,0,高德POI:B0JRCNRUYI,,高德批量拉取；评分与人均来自高德，非大众点评
F365,D058,泉州,姜母鸭,忠记姜母鸭(中华名小吃),,崇福路91号(近市教委),24.915059,118.601690,60,mid,4.7,高德,高德POI,,,,周一至周日 10:00-21:00,,1,高德评分 4.7 的姜母鸭店,,mid,0,高德POI:B02530RJG5,,高德批量拉取；评分与人均来自高德，非大众点评
F366,D058,泉州,姜母鸭,斯丹姜母鸭(田安店),,田安南路525号,24.892086,118.599555,64,mid,4.6,高德,高德POI,,,,周一至周日 10:30-20:30,,1,高德评分 4.6 的姜母鸭店,,mid,0,高德POI:B0FFGGZ9M4,,高德批量拉取；评分与人均来自高德，非大众点评
F367,D058,泉州,姜母鸭,鸭三甲·姜母鸭(桥南店),,望江路中骏蓝湾半岛13号楼3233店面,24.886222,118.573469,56,mid,4.6,高德,高德POI,,,,"周一至周日 11:00-14:00,16:30-21:30",,1,高德评分 4.6 的姜母鸭店,,mid,0,高德POI:B0FFIYWRHS,,高德批量拉取；评分与人均来自高德，非大众点评
