poi_id,dest_id,name,city,poi_type,lat,lng,official_level,hot_type,hot_note,stay_minutes,open_time,close_time,closed_day,last_entry,ticket_price,booking_rule_id,photo_score,best_light,shoot_tip,crowd_peak,suit_elderly,suit_kids,walk_km,climb_m,why_worth,avoid_tip,src_confidence,verified,source_url,last_check_date,note
P001,D001,宽窄巷子,成都,街区,30.663250,104.055147,4A,网红,社交平台成都话题度最高的街区；几乎所有游客必到,90,全天,全天,,,0,,72,17:30-18:30 蓝调时段,井巷子砖墙与窄巷子屋檐交界处人少且出片,10:00-20:00 全天满载,1,1,1.2,0,清末民初建筑格局保存完整；夜里灯笼亮起时氛围最好,里面的餐厅一律不要吃；价格虚高且不是本地味道,high,0,高德POI:B0L2J56OCO,,坐标已用高德校正
P002,D001,成都远洋太古里与大慈寺,成都,街区,30.653031,104.081545,无,网红,快里慢里的反差构图是热门机位；大慈寺红墙是打卡点,75,全天,全天,,,0,,80,16:30-18:00 侧光打在红墙上,大慈寺红墙配太古里玻璃幕墙的新旧对撞,周末 14:00-21:00,1,1,1.0,0,寺庙与顶奢商场只隔一道墙；成都气质的最佳切片,红墙机位周末要排队等位置,high,0,高德POI:B0K03Z73EX,,坐标已用高德校正
P003,D001,东郊记忆,成都,工业遗址,30.670648,104.130033,4A,网红,工业风拍照基地；演出和展览密集,100,09:00,22:00,,,0,,84,15:00-17:00 或夜间灯光,老厂房管道与红砖墙；夜间霓虹区域反差强,周末 15:00-21:00,1,1,1.8,0,前国营红光电子管厂改造；成都少有的硬朗工业质感,白天光线直射时厂房内部很暗不好拍,high,0,高德POI:BZA9N503IU,,坐标已用高德校正
P004,D001,天府熊猫塔,成都,机位,30.662303,104.094580,无,网红,成都第一高塔；看城市天际线和夜景,60,10:00,22:00,,21:00,-1,,86,日落前 30 分钟上塔,上塔拍城市；或在塔下东风渠对岸拍塔本身的水面倒影,19:00-21:00,1,1,0.5,0,能一眼看清成都的平原格局；晴天可望见西岭雪山,雾霾天上塔完全看不到东西；出发前先查能见度,mid,0,高德POI:B001C7X80K,,票价与开放时间需核实；坐标已用高德校正
P005,D001,武侯祠与锦里,成都,景点,30.644979,104.049785,4A,经典,三国主题核心；锦里是配套商业街,110,08:00,20:00,,18:30,50,,70,上午 9 点前光线柔和游客少,武侯祠红墙竹影长廊；锦里避开正午拍夜景,10:00-16:00,1,1,1.5,0,全国影响最大的三国遗迹；园林本身也值得看,锦里的小吃是游客价且不地道；只逛不吃,high,0,高德POI:B0L0JMFXP3,,门票价格需核实；坐标已用高德校正
P006,D001,杜甫草堂,成都,景点,30.660167,104.027641,4A,经典,诗圣故居；园林质量高,90,08:00,18:30,,17:30,50,,74,上午光线穿过竹林,茅屋故居前的竹林小径；花径红墙,10:00-15:00,1,1,1.8,0,国内保存最好的诗人故居；园林比景点更值钱,与武侯祠同日安排会审美疲劳；建议分开,high,0,高德POI:B0FFFDLVOH,,门票价格需核实；坐标已用高德校正
P007,D001,金沙遗址博物馆,成都,博物馆,30.679444,104.011273,国家级博物馆,经典,太阳神鸟金箔出土地,120,09:00,18:00,周一,17:00,70,,58,室内为主,遗迹馆的发掘现场俯拍角度,周末 10:00-15:00,1,1,1.5,0,三千年古蜀文明的实物证据；比三星堆更接近成都城史,周一闭馆；很多人白跑,high,0,高德POI:B0FFHGNL6F,,门票价格需核实；坐标已用高德校正
P008,D001,人民公园鹤鸣茶社,成都,公园,30.656882,104.058603,无,小众,游客知道的不多但本地人天天来；真实的成都日常,80,06:00,21:00,,,0,,76,上午 10 点前树影斑驳,竹椅茶碗与老人掏耳朵的场景；抓拍优于摆拍,周末全天,1,1,0.8,0,百年老茶馆；一杯茶十几块能坐一整天,别在周末正午去抢不到位置；工作日上午最舒服,high,0,高德POI:B0FFH4YYGC,,茶水价格需核实；坐标已用高德校正
P009,D001,望江楼公园,成都,公园,30.627437,104.090304,无,小众,竹类品种全国最多；游客极少,70,06:00,22:00,,,0,,70,上午逆光拍竹,薛涛井旁的斑竹与崇丽阁飞檐,几乎不拥挤,1,1,1.3,0,全国竹子品种最全的园子；纪念唐代女诗人薛涛,崇丽阁登楼部分可能单独收费,mid,0,高德POI:B0IAL707CX,,收费情况需核实；坐标已用高德校正
P010,D001,浣花溪公园,成都,公园,30.654560,104.025940,无,小众,本地人晨练遛狗的地方；紧邻杜甫草堂但没人来,50,全天,全天,,,0,,64,清晨水面平静有倒影,万树山与沧浪湖的水杉倒影；秋季水杉变色最好,几乎不拥挤,1,1,1.5,0,和杜甫草堂一墙之隔却安静得多；适合走完草堂后放空,秋季水杉变色期才最出片；其他季节较平淡,mid,0,高德POI:B001C8UC5K,,坐标已用高德校正
P011,D001,龙泉山城市之眼,成都,机位,30.353781,104.253564,无,小众,看成都全景加雪山的机位；开车才能到,90,全天,全天,,,0,,88,日落前 1 小时至天黑,晴朗冬春日可拍到城市天际线背后的贡嘎雪山,周末日落时段,0,0,1.0,120,成都少有的能俯瞰全城的高点；冬春能同框雪山,必须自驾；能见度不好时完全白跑,mid,0,高德POI:B0I22CDBG0,,坐标为大致位置需核实；坐标已用高德校正
P012,D005,都江堰景区,成都,景点,31.002710,103.608990,5A,经典,世界遗产；水利工程仍在使用,150,08:00,18:00,,17:00,80,BK041,78,上午顺光拍鱼嘴,安澜索桥上拍岷江分水；玉垒阁俯瞰全景,10:00-15:00,1,1,3.5,150,两千多年仍在运行的水利工程；不是遗址是活的,索桥人多时晃动明显；怕高的人走侧边,high,0,高德POI:B0FFF352Q4,,门票价格需核实；坐标已用高德校正
P013,D002,大唐不夜城,西安,街区,34.215113,108.961998,无,网红,不倒翁表演等带火；夜间人流全国级,100,全天,全天,,,0,BK042,82,19:30-21:00 灯光全开,大雁塔为背景的中轴线对称构图；侧街人少,19:00-22:00 极度拥挤,1,1,1.8,0,唐风街区的灯光规模国内最大；夜里才有意义,白天去等于什么都没看到；必须夜间,high,0,高德POI:B0K2FUKHTI,,坐标已用高德校正
P014,D002,大雁塔与大慈恩寺,西安,景点,34.218229,108.964176,5A,网红,音乐喷泉是打卡点,80,08:00,17:30,,17:00,-1,,74,傍晚塔身受夕照,北广场喷泉开放时拍塔与水幕；南广场人少,喷泉时段极挤,1,1,1.2,0,玄奘译经处；塔本身是唐代原构,登塔另收费；喷泉时间表每季不同要先查,high,0,高德POI:B001D023F0,,票价与喷泉时间需核实；坐标已用高德校正
P015,D002,永兴坊,西安,街区,34.265143,108.970716,无,网红,摔碗酒视频带火,60,10:00,22:00,,,0,,66,夜间灯笼亮起,摔碗酒的动态抓拍,18:00-21:00,1,1,0.6,0,陕西各地小吃集中；一站吃到多地风味,是游客场；价格高于本地水平且口味偏标准化,mid,0,高德POI:B0FFFPL1GG,,坐标已用高德校正
P016,D002,回民街,西安,街区,34.263136,108.942510,无,网红,西安最知名的小吃街,60,全天,22:00,,,0,,62,夜间,北院门牌楼与人流长曝,全天满载,1,1,1.0,0,密度极高的小吃集合；氛围值得一看,价格虚高且本地人基本不来吃；肉夹馍泡馍请去老字号,high,0,高德POI:B0MAXUM0CL,,坐标已用高德校正
P017,D002,秦始皇帝陵博物院,西安,景点,34.384671,109.280711,5A,经典,兵马俑；世界遗产,180,08:30,18:00,,16:30,120,BK011,68,室内为主,一号坑侧后方长焦压缩军阵纵深,09:00-15:00 极挤,1,1,3.0,50,兵马俑的实物冲击无可替代；西安唯一不可跳过的点,距市区约 1 小时；务必请讲解否则看不懂,high,0,高德POI:B0FFG53CAM,,门票价格需核实；坐标已用高德校正
P018,D002,陕西历史博物馆,西安,博物馆,34.226434,108.956082,国家级博物馆,经典,十八件国宝级文物,150,08:30,18:00,周一,16:30,0,BK013,56,室内为主,唐墓壁画馆需另约但值得,全天满载,1,1,2.0,0,周秦汉唐的核心文物几乎都在这；看懂西安的前置课,预约极难；周一闭馆,high,0,高德POI:B001D11RVR,,坐标已用高德校正
P019,D002,西安城墙,西安,景点,34.263783,108.948296,5A,经典,现存最完整的古代城垣,120,08:00,19:00,,18:00,54,,80,日落时分砖面泛金,南门至文昌门段人少；骑行道长曝车灯,南门段 10:00-17:00,1,1,4.0,30,可以骑车绕城一圈；13.7 公里的完整闭环,全程骑行约 2 小时；体力不足只骑南门到含光门段,high,0,高德POI:B0KROZSZG0,,门票与租车价格需核实；坐标已用高德校正
P020,D002,西安博物院与小雁塔,西安,博物馆,34.239195,108.942011,国家级博物馆,小众,和陕历博同级但游客少得多；免费,90,09:00,17:00,周二,16:00,0,,72,上午侧光打在塔身,小雁塔与荐福寺古钟的框景；园内槐树成荫,较少拥挤,1,1,1.2,0,馆藏质量高但人少；小雁塔是唐代原构,周二闭馆,high,0,高德POI:B001D026D8,,坐标已用高德校正
P021,D002,汉阳陵博物院,西安,博物馆,34.4400,108.9400,国家级博物馆,小众,地下遗址博物馆形式独特；游客极少,100,08:30,18:00,,17:00,-1,,66,室内为主,玻璃栈道下方的陪葬坑俯拍,几乎不拥挤,1,0,1.5,0,走在遗址正上方的玻璃通道里看原址陪葬坑；国内少见,位置偏北需自驾或包车；公共交通不便,mid,0,,,票价与交通需核实；坐标未校正(高德未匹配)
P022,D002,大明宫国家遗址公园,西安,公园,34.290138,108.960602,4A,小众,面积极大但人很少；适合放空,80,08:00,18:00,,,0,,64,日落时丹凤门逆光剪影,丹凤门的巨大体量配人物做比例对比,几乎不拥挤,1,1,2.5,0,唐大明宫原址；空旷感能体会到唐宫的尺度,遗址本体多为夯土基址；需要想象力否则会觉得空,mid,0,高德POI:B001D1445E,,坐标已用高德校正
P023,D002,水陆庵,西安,宗教,34.132060,109.416400,无,小众,壁塑数量惊人但知名度极低,60,08:30,17:30,,,-1,,70,室内需自然光,大殿三壁彩色泥塑的密度极震撼,几乎不拥挤,1,0,0.5,0,被称为第二敦煌的彩色壁塑；蓝田县境内几乎没有游客,在蓝田县需专程前往；室内禁闪光灯,mid,0,高德POI:B0L1RCC2TE,,票价与开放时间需核实；坐标已用高德校正
P024,D003,西湖断桥与白堤,杭州,景点,30.258151,120.151347,5A,网红,全国知名度最高的湖景步道,70,全天,全天,,,0,BK023,88,日出后 1 小时；或日落时保俶塔方向,断桥往北拍保俶塔与湖面；清晨无人时最佳,08:00-18:00 节假日超载,1,1,2.0,0,西湖的标准入口；白堤两侧临水是最舒服的步道,国庆假期 9-11 点人均不足 1 平米；必须清晨去,high,0,高德POI:B023B01EE6,,坐标已用高德校正
P025,D003,雷峰塔与净慈寺,杭州,景点,30.231725,120.148835,无,网红,雷峰夕照；看西湖全景,70,08:00,20:00,,19:00,40,,80,日落前 40 分钟登塔,塔顶层拍西湖全景加苏堤；南屏晚钟方向逆光,16:00-19:00,1,1,1.0,60,西湖唯一能登高俯瞰全湖的塔；黄昏时段最值,塔内有电梯；老人可上,high,0,高德POI:B023B01FC0,,门票价格需核实；坐标已用高德校正
P026,D003,九溪烟树,杭州,自然,30.202401,120.113421,无,网红,水中树影是近年最火的机位,60,全天,全天,,,0,,90,上午 10 点前光线穿过树冠,浅溪中央的树影倒影；需要下到溪水中间的石头,周末与秋色期排队拍照,0,1,2.0,80,溪水漫过树根形成的镜面；秋季变色时最出片,机位很窄周末要排队；鞋会湿,mid,0,高德POI:B0FFKZMKKK,,坐标已用高德校正
P027,D003,龙井村与茶园,杭州,自然,30.219939,120.109967,无,网红,采茶季与茶园梯田出片,90,全天,全天,,,0,,82,清晨有雾时；或日落侧光,茶园梯田的线条配采茶人；十里琅珰步道视野好,春季采茶季周末,1,1,3.0,150,西湖龙井核心产区；步道穿行茶园之间,村里买茶谨慎；不懂行容易买贵,high,0,高德POI:B0MG95PP15,,坐标已用高德校正
P028,D003,灵隐寺与飞来峰,杭州,宗教,30.239119,120.101101,5A,经典,杭州香火最盛,120,07:00,18:00,,17:15,-1,BK022,74,上午光线从树隙落在石窟,飞来峰造像的青苔与光斑；大雄宝殿香烟,09:00-15:00,1,1,2.5,120,飞来峰五代宋元石窟造像是真国宝；比寺院本身更值得看,需飞来峰门票加寺院香花券两道票；初一十五人山人海,high,0,高德POI:B023B05MJE,,两道票价格需核实；坐标已用高德校正
P029,D003,岳王庙,杭州,景点,30.251942,120.134982,无,经典,岳飞墓与精忠柏,50,07:30,17:30,,17:00,25,,62,上午,精忠报国照壁与墓道石像生,10:00-15:00,1,1,0.8,0,岳飞墓祠；西湖人文密度最高的点之一,体量不大；不要期待大型园林,high,0,高德POI:B0FFGFE5EY,,门票价格需核实；坐标已用高德校正
P030,D003,苏堤,杭州,景点,30.240338,120.139291,5A,经典,西湖十景之首,80,全天,全天,,,0,,86,日出与日落各有一面,六桥之间的柳树夹道；南端映波桥方向拍雷峰塔,全天,1,1,2.8,0,贯穿西湖南北的 2.8 公里长堤；步行或骑行都好,全程走完约 50 分钟；骑共享单车更省力,high,0,高德POI:B023B0AC72,,坐标已用高德校正
P031,D003,八卦田遗址公园,杭州,公园,30.211211,120.151779,无,小众,南宋皇帝亲耕地；游客极少,45,全天,全天,,,0,,74,上午高处俯拍；作物换季时色块最好,玉皇山上俯拍八卦形田块；油菜花或稻田期色彩最强,几乎不拥挤,1,1,1.0,0,南宋籍田遗址；八卦形的田块从高处看很奇特,必须登玉皇山才能看到八卦全形；平地看不出来,mid,0,高德POI:B023B015D7,,坐标已用高德校正
P032,D003,云栖竹径,杭州,自然,30.193947,120.094483,无,小众,竹林幽径；比周边景点安静得多,50,全天,全天,,,0,,78,正午光线从竹顶漏下形成光柱,雨后有雾时的竹林光线最佳,几乎不拥挤,1,1,1.5,60,杭州最舒服的竹林步道；夏天比外面低好几度,雨天石阶滑；老人需注意,mid,0,高德POI:B023B17XAP,,坐标已用高德校正
P033,D003,宝石山初阳台,杭州,机位,30.260247,120.140992,无,小众,俯瞰西湖全景的最佳免费机位,80,全天,全天,,,0,,92,日出时刻；或日落后蓝调,从初阳台或保俶塔下俯拍整个西湖加城市天际线,日出时有摄影人聚集,0,0,2.2,180,徒步 20 分钟即可俯瞰整个西湖；比雷峰塔视角更高更广,需爬山约 20 分钟；夜间下山务必带灯,mid,0,高德POI:B0FFKDRXBA,,坐标已用高德校正
P034,D010,良渚古城遗址公园,杭州,景点,30.389549,119.991005,5A,小众,世界遗产但客流远低于西湖,150,09:00,17:00,周一,15:30,80,,66,上午草木有露；反山高处视野好,莫角山台地的大草坡；园内电瓶车沿线水系,周末 10:00-14:00,1,1,3.0,50,五千年文明的实证；世遗级别却不用挤,遗址以夯土与水利系统为主；先看博物院再进园才看得懂,high,0,高德POI:B023B14O96,,门票价格需核实；坐标已用高德校正
P035,D006,街子古镇,成都,古镇,30.813673,103.550022,4A,小众,商业化程度远低于宽窄巷子与锦里,90,全天,全天,,,0,,70,上午与日落,银杏广场与味江边的老屋；秋季银杏最好,周末本地人较多,1,1,1.5,0,成都周边少数还有本地生活气的古镇；汤麻饼与叶儿粑是真本地小吃,节假日本地自驾客多；工作日去才安静,mid,0,高德POI:B001C7XDI6,,坐标已用高德校正
P036,D009,莫干山民宿区,湖州,自然,30.607076,119.866469,4A,小众,长三角民宿发源地；周末溢价高,120,全天,全天,,,0,,84,清晨云海；日落后民宿灯光,竹海步道的晨雾；民宿露台的山景框景,节假日全满,1,1,2.0,150,把住宿本身当目的地；躺平型行程的标准答案,旺季民宿必须提前一个月订；周末价格常翻倍,high,0,高德POI:B0G23SCQ3S,,坐标已用高德校正
P037,D004,洪崖洞,重庆,街区,29.562493,106.579330,4A,网红,悬崖吊脚楼夜景；千与千寻既视感是全网传播点,70,全天,22:00,,,0,,88,19:00-20:00 灯全亮但天未黑透,从千厮门大桥或对岸拍整栋楼；楼内 1 楼与 11 楼分别通不同街道,19:00-22:00 极度拥挤,1,1,1.2,0,立体山城最直观的一处；11 层楼上下连着两条不同的街,楼内是普通商业街不必细逛；看外观夜景就够,high,0,高德POI:B0JD2SLF6R,,坐标已用高德校正
P038,D004,李子坝轻轨穿楼,重庆,机位,29.552892,106.537660,无,网红,轻轨从居民楼里穿过；短视频爆款机位,40,全天,全天,,,0,,84,白天顺光或夜间车灯,观景平台正面拍；斜侧拍能同时带上楼体与轨道,周末与节假日全天,1,1,0.4,0,轨道交通从楼体中穿过；重庆地形的极端产物,专门去只看一分钟很不值；建议顺路而非专程,high,0,高德POI:BV10045690,,坐标已用高德校正
P039,D004,鹅岭二厂,重庆,工业遗址,29.551075,106.540525,无,网红,老印刷厂改造；天台看渝中半岛,80,10:00,22:00,,,0,,80,日落前后天台光线最好,天台拍渝中半岛天际线；厂区内锈色铁楼梯,周末 15:00-20:00,1,1,1.0,60,文创园里少有的能俯瞰半岛的天台；工业质感保留得好,店铺同质化较重；主要价值在天台视野,mid,0,高德POI:B0MA2UQZ1R,,坐标已用高德校正
P040,D004,磁器口古镇,重庆,古镇,29.578694,106.447571,4A,网红,重庆知名度最高的古镇,80,全天,22:00,,,0,,68,清晨无人时,嘉陵江边的吊脚楼背面比主街出片,10:00-18:00 全天满载,1,1,1.5,40,临江的老街格局还在；避开主街往江边走反而好,主街全是同款小吃和商铺；不要在里面吃正餐,high,0,高德POI:B0FFIKBBPR,,坐标已用高德校正
P041,D004,解放碑步行街,重庆,街区,29.557253,106.575329,无,经典,重庆的城市中心地标,50,全天,全天,,,0,,66,夜间霓虹,低角度仰拍碑体配周围高楼形成压迫感,全天,1,1,0.8,0,抗战胜利纪功碑；被摩天楼包围的强烈反差,碑本身很小；顺路看即可不必专程,high,0,高德POI:B0FFG33I2E,,坐标已用高德校正
P042,D004,湖广会馆,重庆,景点,29.557921,106.586915,无,小众,紧邻长江索道却几乎没人去,60,09:00,18:00,,17:30,-1,,74,上午光线斜射进戏台,戏台雕花与天井的框景；屋顶层叠的马头墙,几乎不拥挤,1,0,1.0,80,西南最大的古会馆群；移民会馆建筑保存完整,在洪崖洞附近但游客几乎不来；票价需核实,mid,0,高德POI:B0017822LZ,,票价与开放时间需核实；坐标已用高德校正
P043,D004,山城第三步道,重庆,自然,29.550481,106.566712,无,小众,本地人日常通行的老步道；游客极少,70,全天,全天,,,0,,82,上午或日落,悬空栈道段可拍长江与南岸；老居民楼的市井细节,几乎不拥挤,0,0,2.5,180,穿过老居民区的崖壁步道；能看到真实的重庆生活,台阶多且陡；膝盖不好或带老人不建议,mid,0,高德POI:B001791SBK,,坐标已用高德校正
P044,D013,外滩,上海,街区,31.240821,121.490926,无,网红,中国知名度最高的城市天际线,60,全天,全天,,,0,,92,日落后20-40分钟蓝调；夜景灯光21:00前,北外滩或外白渡桥拍全景比外滩本身好,19:00-21:30 节假日限流,1,1,1.5,0,万国建筑群对望陆家嘴；上海最不可跳过的一处,节假日晚间会单向限流甚至封控；提前查通告,high,0,高德POI:B0FFFR6GDS,,坐标已用高德校正
P045,D013,陆家嘴天桥,上海,机位,31.238,121.503,无,网红,三件套仰拍机位；短视频高频出现,40,全天,全天,,,0,,88,日落后蓝调；雨后地面反光更好,环形天桥西北角仰拍三件套最完整,18:00-21:00,1,1,0.8,0,能把上海中心金茂环球三栏进一个画面,天桥人多且是通行道；不要久占机位,high,0,,,坐标未校正(高德未匹配)
P046,D013,豫园与城隍庙,上海,景点,31.227029,121.491785,4A,经典,明代园林加老城厢商业,90,08:45,16:45,,16:00,40,,74,上午开园即入人少,九曲桥与湖心亭；园内玉华堂太湖石,10:00-16:00 全天满载,1,1,1.2,0,上海仅存的明代园林；园本身与外面的商业街是两回事,外面城隍庙商业街是游客场；小吃价格虚高只逛园子,high,0,高德POI:B0FFFDIDV3,,坐标已用高德校正
P047,D013,上海博物馆东馆,上海,博物馆,31.219913,121.538745,国家级博物馆,经典,新馆开放后长期热门,180,09:00,17:00,周一,16:00,0,BK018,60,室内为主,中庭旋转楼梯的几何构图,周末全天,1,1,2.5,0,青铜与书画是国内顶级；新馆展陈空间大得多,需预约且周一闭馆；一次看不完建议挑两三个馆,high,0,高德POI:B0FFIFP90V,,坐标已用高德校正
P048,D013,武康路与安福路,上海,街区,31.213158,121.440068,无,网红,武康大楼是最热门的打卡点；安福路是潮流街区,70,全天,全天,,,0,,86,上午侧光；梧桐叶期10-11月最好,武康大楼对面路口斜拍船头造型；注意别站马路中间,周末全天,1,1,2.0,0,上海最完整的梧桐街区；建筑与生活气并存,武康大楼路口拍照的人多到影响交通；周末尤其乱,high,0,高德POI:B0FFGGSA7A,,坐标已用高德校正
P049,D013,上生新所,上海,街区,31.208392,121.427024,无,网红,哥伦比亚俱乐部改造；网红咖啡与泳池,60,全天,22:00,,,0,,80,午后侧光；泳池区傍晚,海军俱乐部泳池的拱廊；孙科别墅外立面,周末14:00-20:00,1,1,0.8,0,上海近代生活遗存改造得最克制的一处,商业占比逐年上升；主要看建筑,mid,0,高德POI:B0GKMNO6UL,,坐标已用高德校正
P050,D013,西岸美术馆群,上海,街区,31.167682,121.463841,无,小众,徐汇滨江的美术馆带；本地人跑步遛狗,120,10:00,18:00,周一,17:00,-1,,82,日落时江面反光,龙美术馆的清水混凝土伞拱结构；滨江跑道线条,周末下午,1,1,3.0,0,工业码头改造的江岸；美术馆密度上海最高,各馆闭馆日与票价不同；出发前逐个查,mid,0,高德POI:B0FFJGOAFY,,各馆票价与开放时间需分别核实；坐标已用高德校正
P051,D013,杨浦滨江,上海,街区,31.250421,121.529673,无,小众,老工业带改造；游客几乎不来,90,全天,全天,,,0,,80,日落前后,纺织厂遗留的钢构与塔吊；江面对望浦东,几乎不拥挤,1,1,3.5,0,上海近代工业的原址长廊；比外滩安静得多,夏季无遮荫且步道长；带水,mid,0,高德POI:B0FFL4OQK3,,坐标已用高德校正
P052,D013,民生码头八万吨筒仓,上海,工业遗址,31.244,121.518,无,小众,巨型筒仓改造展馆；有展才开,60,10:00,17:00,,,0,,84,外立面正午硬光也成立,筒仓外立面的重复圆柱；外挂扶梯的斜线,几乎不拥挤,1,0,1.0,0,亚洲最大的粮仓改造成展览空间；体量极震撼,平时不一定开放；只在有展期间开门必须先查,mid,0,,,开放状态取决于是否有展需核实；坐标未校正(高德未匹配)
P053,D013,中共一大会址,上海,博物馆,31.220104,121.475407,国家级博物馆,经典,新馆建成后展陈完整,90,09:00,17:00,周一,16:00,0,,52,室内为主,石库门外立面,周末与节假日,1,1,1.0,0,建党地原址；石库门建筑本体也值得看,需预约；周一闭馆,high,0,高德POI:B0MGOCVPM6,,坐标已用高德校正
P054,D013,田子坊,上海,街区,31.208574,121.469199,无,经典,早期文创街区代表,50,全天,22:00,,,0,,66,午后,弄堂里的红砖与晾衣杆；窄巷抬头构图,周末全天,1,1,0.7,0,石库门弄堂改造的最早样本,商业同质化严重；半小时足够,mid,0,高德POI:B0FFFKC4I2,,坐标已用高德校正
P055,D013,崇明东滩湿地,上海,自然,31.516967,121.951233,无,小众,观鸟地；上海人自己都少去,150,08:30,16:30,,15:30,-1,,76,清晨与日落,芦苇荡与滩涂的线条；冬季候鸟群,几乎不拥挤,1,1,4.0,0,长江口的候鸟中转站；冬春观鸟最好,需自驾约2小时；公共交通极不便,mid,0,高德POI:B00156CLWX,,票价与开放时间需核实；坐标已用高德校正
P056,D014,拙政园,苏州,景点,31.324194,120.629211,5A,经典,四大名园之首,110,07:30,17:30,,17:00,80,,86,上午开园即入；雨天最有味道,远香堂看荷池；与谁同坐轩的扇形窗框景,09:00-16:00 全天满载,1,1,1.8,0,中国园林的教科书；空间层次最丰富,旺季人多到无法体会园林意境；务必开园即入,high,0,高德POI:B020001R2Q,,坐标已用高德校正
P057,D014,留园,苏州,景点,31.315816,120.594945,5A,经典,四大名园之一；比拙政园人少,80,07:30,17:30,,17:00,55,,84,上午,冠云峰；曲廊的花窗连续构图,10:00-15:00,1,1,1.2,0,建筑与山水的穿插最精妙；人流比拙政园友好,与拙政园同日看会审美疲劳；分两天或选一个,high,0,高德POI:B02000ICHH,,坐标已用高德校正
P058,D014,平江路历史街区,苏州,街区,31.317189,120.637026,无,网红,苏州最热门的水巷街区,80,全天,全天,,,0,,88,清晨无人时；或夜间灯笼,沿河石桥上拍河道纵深；小桥与摇橹船,10:00-21:00,1,1,1.6,0,唐宋以来的街巷格局基本没变；水陆并行的双棋盘,主街商业化重；往东侧小巷走才有生活气,high,0,高德POI:B0IB959IR2,,坐标已用高德校正
P059,D014,苏州博物馆本馆,苏州,博物馆,31.322948,120.627856,国家级博物馆,经典,贝聿铭设计；建筑本身是展品,100,09:00,17:00,周一,16:00,0,BK021,86,上午光线打在白墙灰边,中央大厅的几何屋顶；片石假山的山水画构图,全天满载,1,1,1.2,0,贝聿铭的收官作；建筑比藏品更值得看,假期本馆基本无票；西馆好约得多且建筑也好,high,0,高德POI:B020001285,,坐标已用高德校正
P060,D014,山塘街,苏州,街区,31.326524,120.588349,无,经典,七里山塘；比平江路游客略少,70,全天,全天,,,0,,80,日落与夜间,山塘桥上拍河道；两岸吊脚楼倒影,周末下午,1,1,1.5,0,与平江路格局类似但更长；往西段走人明显变少,东段商业化重；建议从广济路往西走,mid,0,高德POI:BZAGQT023N,,坐标已用高德校正
P061,D014,虎丘,苏州,景点,31.335827,120.580553,5A,经典,云岩寺塔是宋代斜塔,90,07:30,17:30,,17:00,60,,78,上午,斜塔与剑池；塔身倾斜要找对角度才明显,10:00-15:00,1,1,2.0,80,苏州最古老的地标；塔已倾斜近千年,登塔不开放；只能外观,high,0,高德POI:B02000KAKI,,坐标已用高德校正
P062,D014,耦园,苏州,景点,31.316456,120.638624,无,小众,世遗园林但游客极少,50,08:00,16:30,,16:00,25,,80,上午,城曲草堂的双照楼；黄石假山,几乎不拥挤,1,1,0.7,0,同为世界遗产却安静得多；东西双园格局少见,体量小；半小时到一小时足够,mid,0,高德POI:B0FFFDRK1Z,,票价需核实；坐标已用高德校正
P063,D014,平江路东侧小巷,苏州,街区,31.32,120.636,无,小众,主街往东两三条巷子游客骤减,50,全天,全天,,,0,,78,上午与傍晚,悬桥巷丁宅门楼；狭窄巷道的透视,几乎不拥挤,1,1,1.2,0,同样的街巷格局但没有商业；居民还在这里生活,是居民区；注意不要打扰住户,mid,0,,,坐标未校正(高德未匹配)
P064,D015,明孝陵与神道,南京,景点,32.058692,118.839826,5A,经典,世界遗产；石象路秋色是招牌,120,06:30,18:30,,17:30,70,,90,11月中下旬秋色期上午,石象路两侧彩叶夹道；四方城明楼,秋色期10:00-16:00极挤,1,1,3.0,60,明代帝陵的原型；石象路的秋色是南京最好的一段,秋色期只有两三周且人极多；平日清晨去,high,0,高德POI:B0FFHE3I6U,,坐标已用高德校正
P065,D015,中山陵,南京,景点,32.060025,118.853525,5A,经典,392级台阶；南京第一地标,90,08:30,17:00,周一,16:30,0,,82,上午顺光,从顶部回望台阶的纵深；蓝琉璃瓦顶,09:00-15:00,0,1,2.5,120,民国建筑的代表作；中轴线气势足,台阶陡且长；老人和幼儿吃力。周一陵寝闭馆,high,0,高德POI:B0M2BU8W85,,坐标已用高德校正
P066,D015,南京博物院,南京,博物馆,32.041272,118.825095,国家级博物馆,经典,仅次于国博的体量,180,09:00,17:00,周一,16:00,0,BK020,64,室内为主,民国馆的street实景布景,周末全天,1,1,2.5,0,六大馆一次看完；民国馆的沉浸式布景很受欢迎,需预约；周一闭馆。体量大建议挑两三个馆,high,0,高德POI:B0FFF9LXN9,,坐标已用高德校正
P067,D015,侵华日军南京大屠杀遇难同胞纪念馆,南京,纪念馆,32.035217,118.742372,国家级博物馆,经典,历史教育场所,100,08:30,16:30,周一,15:30,0,,48,室内为主,不建议在此以拍照为目的,周末与公祭日,1,0,1.5,0,必须到场才能理解的一段历史,请保持安静肃穆；不适合带幼儿,high,0,高德POI:B001905N9D,,坐标已用高德校正
P068,D015,夫子庙与秦淮河,南京,街区,32.021196,118.792026,5A,网红,南京知名度最高的夜景区,70,全天,22:00,,,0,,80,19:00-20:30 灯全亮,文德桥上拍河房灯影；乘船视角不同,19:00-21:30 极度拥挤,1,1,1.3,0,秦淮灯影是南京的城市名片；夜里才有意义,里面的小吃是游客价；白天去意义不大,high,0,高德POI:B00190BSET,,坐标已用高德校正
P069,D015,老门东,南京,街区,32.012979,118.787492,无,网红,仿古街区；打卡点密集,60,全天,22:00,,,0,,78,傍晚与夜间,马头墙与灯笼的层叠；箍桶巷牌坊,周末与节假日夜间,1,1,1.0,0,街区尺度舒服；比夫子庙好逛,是新建仿古不是老建筑；心里有数,high,0,高德POI:B0FFGVEV1G,,坐标已用高德校正
P070,D015,台城明城墙,南京,机位,32.061269,118.803085,无,小众,看鸡鸣寺加紫峰大厦的经典机位,60,08:00,18:00,,17:30,30,,88,日落前后；3月底樱花期,城墙上拍鸡鸣寺黄墙配紫峰大厦；古今同框,樱花期极挤；平日很空,1,1,1.5,40,南京最好的一个古今对照机位；城墙可走很长一段,樱花期鸡鸣寺一带人山人海；非花期反而舒服,mid,0,高德POI:B0FFHB821F,,门票需核实；坐标已用高德校正
P071,D015,鸡鸣寺,南京,宗教,32.060186,118.795370,无,网红,樱花大道是全网热门,50,07:30,17:00,,16:30,10,,82,3月底樱花期上午,樱花配黄墙；药师佛塔,樱花期全天,1,1,0.6,50,南朝古寺；樱花期与城墙组合是南京春天的标配,樱花期需排队且限流；非花期只是普通寺院,high,0,高德POI:B0FFMACWG6,,坐标已用高德校正
P072,D015,颐和路民国公馆区,南京,街区,32.039011,118.782997,无,小众,民国使馆区；游客极少,70,全天,全天,,,0,,84,上午侧光；11月梧桐叶期,梧桐夹道的纵深；铁艺院门与老洋房,几乎不拥挤,1,1,2.0,0,成片保存的民国公馆；南京最安静的好看街区,是居民区与办公区；不要翻墙进院,mid,0,高德POI:B0FFG6AY98,,坐标已用高德校正
P073,D015,栖霞山,南京,自然,32.151807,118.957983,4A,小众,南京最好的秋色地；非秋季游客少,120,07:00,17:30,,16:30,40,,88,11月中下旬上午,枫林湖的红叶倒影；千佛岩石窟,秋色期周末极挤,1,1,4.0,200,红叶规模江南前列；山上还有南朝石窟,红叶期只有两三周且周末极挤；平日去。门票旺季涨价,mid,0,高德POI:B00190D2L7,,门票随季节浮动需核实；坐标已用高德校正
P074,D015,浦口火车站,南京,工业遗址,32.11,118.73,无,小众,民国老站台；影视取景地,50,全天,全天,,,0,,82,上午与日落,雨廊的连续柱列；老站房月台,几乎不拥挤,1,1,1.0,0,朱自清背影的场景原型；月台雨廊保存完好,不通客运只能外观；过江需绕行或坐轮渡,mid,0,,,坐标未校正(高德未匹配)
P075,D015,六朝博物馆,南京,博物馆,32.042840,118.799124,无,小众,贝氏事务所设计；比南博安静,80,09:00,18:00,周一,17:00,30,,78,下午光线穿过竹影,四楼的竹林与落地窗；地下的六朝夯土墙原址,周末下午,1,1,1.0,0,六朝建康城的原址夯土墙就在馆内；建筑设计也好,周一闭馆；体量不大,mid,0,高德POI:B0019135C5,,门票需核实；坐标已用高德校正
P076,D043,故宫博物院,北京,博物馆,39.917839,116.397029,5A,经典,世界最大木构宫殿群,240,08:30,17:00,周一,16:00,60,BK001,88,上午开馆即入；雪天最好,角楼的三重檐；太和殿广场的中轴对称,09:00-15:00 全天满载,1,1,5.0,80,没有替代品；北京唯一不可跳过的一处,提前7日20:00放票且开票即空。周一闭馆。至少留半天,high,0,高德POI:B000A8UIN8,,坐标已用高德校正
P077,D043,景山万春亭,北京,机位,39.924863,116.396715,无,小众,俯拍故宫中轴线的唯一机位,60,06:30,20:00,,19:30,2,,94,日落前一小时；雪后最佳,万春亭南侧俯拍故宫全景加中轴线,日落时段摄影人聚集,1,1,1.2,60,故宫全景只能从这里拍到；两块钱门票,日落时机位要早去占；台阶陡,high,0,高德POI:B0FFFVCIGR,,坐标已用高德校正
P078,D043,八达岭长城,北京,古迹,40.356635,116.020862,5A,网红,最知名的长城段,150,07:30,17:30,,16:30,40,BK005,84,上午顺光；雪后最好,北八楼往回拍长城的折线；避开人群往北段走,09:00-15:00,0,1,4.0,300,长城的标准打卡段；缆车可省一半体力,坡度陡且人多；怕挤可选慕田峪或箭扣,high,0,高德POI:B0FFF3J32G,,坐标已用高德校正
P079,D043,天坛,北京,景点,39.881913,116.410829,5A,经典,明清皇家祭天建筑群,110,06:00,21:00,,20:00,34,,82,上午侧光,祈年殿的三重蓝琉璃圆顶；回音壁长廊,09:00-16:00,1,1,2.5,30,中国古代建筑的巅峰之一；公园部分本地人天天来,公园票与联票不同；要看祈年殿必须买联票,high,0,高德POI:B000A81CB2,,坐标已用高德校正
P080,D043,颐和园,北京,景点,39.999617,116.275179,5A,经典,最大的清代皇家园林,150,06:30,18:00,,17:00,30,BK008,86,上午与日落,十七孔桥配佛香阁；冬季结冰后的昆明湖,09:00-16:00,1,1,5.0,80,皇家园林的规模顶点；昆明湖的开阔感,面积极大；不要指望两小时走完,high,0,高德POI:B000A7O1CU,,坐标已用高德校正
P081,D043,国家博物馆,北京,博物馆,39.905374,116.401304,国家级博物馆,经典,藏品体量全国第一,210,09:00,17:00,周一,16:00,0,BK002,58,室内为主,古代中国展厅的青铜器,全天满载,1,1,3.5,0,中国通史看这一个馆就够；免费,预约极难且开票即空。周一闭馆。一天看不完,high,0,高德POI:B000A83U0P,,坐标已用高德校正
P082,D043,雍和宫,北京,宗教,39.949171,116.413362,无,经典,香火极盛；年轻人求职求学都来,70,09:00,16:30,,16:00,25,,80,上午光线穿过香烟,万福阁的巨型木雕佛；香炉的烟雾逆光,初一十五与周末极挤,1,1,1.2,0,清代皇家藏传佛教寺院；建筑与造像质量都高,初一十五排队极长；请勿在殿内拍照,high,0,高德POI:B0FFFAABIN,,坐标已用高德校正
P083,D043,南锣鼓巷与胡同区,北京,街区,39.937182,116.402394,无,网红,最知名的胡同街区,70,全天,全天,,,0,,70,上午与日落,主巷太商业；往东西两侧胡同走拍门墩与老门楼,10:00-20:00 全天满载,1,1,1.8,0,胡同格局完整；两侧支巷比主街好看得多,主街全是连锁小吃；不要在里面吃饭,high,0,高德POI:B0FFFAH7I9,,坐标已用高德校正
P084,D043,798艺术区,北京,工业遗址,39.984156,116.496056,无,网红,工业厂房加画廊；打卡点密集,120,10:00,18:00,周一,17:30,0,,80,午后,包豪斯锯齿形屋顶的天窗；管道与标语墙,周末14:00-18:00,1,1,2.5,0,德式包豪斯厂房是真遗产；画廊质量参差但免费的多,多数画廊周一闭馆；商业店铺占比逐年上升,high,0,高德POI:B0FFFAFTEG,,坐标已用高德校正
P085,D043,北京古代建筑博物馆,北京,博物馆,39.877536,116.392052,无,小众,先农坛内；游客极少,80,09:00,16:00,周一,15:30,15,,82,上午,太岁殿的明代金丝楠木藻井；隆福寺藻井,几乎不拥挤,1,0,1.5,0,两座顶级藻井在这里；讲中国建筑史的最好一个馆,周一闭馆；知道的人很少所以极安静,mid,0,高德POI:B000A16BBC,,门票需核实；坐标已用高德校正
P086,D043,智化寺,北京,宗教,39.918100,116.432368,无,小众,京音乐传承地；藏经楼藻井是国宝,60,09:00,16:00,周一,15:30,20,,80,上午,万佛阁的转轮藏与藻井；殿内木构,几乎不拥挤,1,0,0.6,0,明代木构原物加活着的京音乐；胡同里的隐藏国宝,有音乐演出场次；去前查时间表,mid,0,高德POI:B0JG2HBJ9S,,门票与演出时间需核实；坐标已用高德校正
P087,D043,白塔寺,北京,宗教,39.924035,116.363515,无,小众,元代白塔；周边胡同生活气浓,60,09:00,17:00,周一,16:30,20,,82,日落时塔身受光,从周边胡同屋顶或妙应寺东夹道仰拍白塔,几乎不拥挤,1,1,0.8,0,现存最大的元代喇嘛塔；周边胡同保留得好,周一闭馆；塔不可登,mid,0,高德POI:B0FFL77VUJ,,门票需核实；坐标已用高德校正
P088,D043,五塔寺石刻博物馆,北京,博物馆,39.944623,116.330436,无,小众,露天石刻与金刚宝座塔；几乎没人,70,09:00,16:30,周一,16:00,20,,80,上午侧光打在浮雕上,金刚宝座塔的密集浮雕；院内石碑林,几乎不拥挤,1,0,1.0,30,明代金刚宝座塔的雕刻密度惊人；石刻露天陈列,周一闭馆；夏季无遮荫,mid,0,高德POI:B000A7IKC6,,门票需核实；坐标已用高德校正
P089,D043,慕田峪长城,北京,古迹,40.428993,116.563993,5A,小众,比八达岭人少很多；植被更好,150,07:30,17:30,,16:30,45,,86,上午；10月中下旬秋色,西五楼到东段的连续敌楼；秋季彩叶包围城墙,周末10:00-15:00,0,1,4.0,280,长城的完整度与风景都好过八达岭；游客量小得多,距市区约2小时；无地铁需包车或旅游巴士,high,0,高德POI:B000A9PIV4,,门票需核实；坐标已用高德校正
P090,D001,成都大熊猫繁育研究基地,成都,自然景区,30.733888,104.145122,4A,经典,成都最热门的景点；预约难度全市第一,180,07:30,18:00,,17:00,55,BK016,78,开园即入；上午熊猫最活跃,月亮产房与太阳产房的幼崽区；避开正午熊猫都在睡,09:00-15:00 全天满载,1,1,4.0,120,幼崽只有这里能稳定看到；下午熊猫基本在睡觉,必须开园就到，10 点后熊猫回室内。园区极大建议坐观光车,high,0,高德POI:B0FFFGYG6W,,门票价格需核实；坐标已用高德校正
P091,D057,鼓浪屿,厦门,街区,24.446214,118.066102,5A,网红,厦门知名度最高的一处；船票常比门票更难买,300,全天,全天,,,-1,BK035,90,清晨第一班船上岛；或日落时日光岩方向,龙头路以外的巷子人少；八卦楼红顶配海面,09:00-17:00 全天满载,1,1,4.0,120,万国建筑群加无车岛；清早和傍晚的岛完全是另一个地方,瓶颈是船票不是门票，节假日务必提前抢；岛上吃饭贵且一般,high,0,高德POI:B0FFGIJ31G,,坐标已用高德校正
P092,D057,厦门大学,厦门,高校,24.434270,118.097042,无,网红,芙蓉隧道与白城海滩；限流严格,100,,,,,0,BK036,84,上午光线柔和,芙蓉隧道涂鸦墙；上弦场看台配海,开放时段一放号就满,1,1,2.0,60,依山面海的校园本身就是景点；建南大礼堂与上弦场,必须预约且名额少，工作日与假期规则不同；没约到可去南普陀,high,0,高德POI:B0LA5RU391,,坐标已用高德校正
P093,D057,曾厝垵,厦门,街区,24.431020,118.119430,无,网红,文创村；社交平台曝光高,70,全天,23:00,,,0,,66,傍晚与夜间,巷子里的涂鸦与民宿门头；主街太乱不好拍,18:00-22:00 周末最挤,1,1,1.2,0,密度极高的小店集合；住在这里晚上不用出门,小吃基本是游客店且不便宜；来看氛围不要指望吃,high,0,高德POI:BZ86Q900P3,,坐标已用高德校正
P094,D057,沙坡尾与艺术西区,厦门,街区,24.439752,118.087756,无,网红,老避风坞改造；本地年轻人和游客都来,80,全天,全天,,,0,,82,日落后蓝调；避风坞水面有倒影,避风坞的渔船配岸上老楼；玻璃栈桥一带,周末下午到夜间,1,1,1.5,0,厦门最后一个避风坞；渔港与咖啡馆并存的反差,咖啡馆密度高但价格不低；工作日去更从容,high,0,高德POI:B0K05ZVE1N,,坐标已用高德校正
P095,D057,环岛路与黄厝海滩,厦门,自然,24.442614,118.161900,无,网红,骑行与看海的标准路线,120,全天,全天,,,0,,86,日出在黄厝方向；日落在演武大桥方向,海边栈道的曲线；退潮时的沙滩反光,周末与假期全天,1,1,5.0,0,厦门最舒服的一段海岸线；骑车比走路合适,夏季正午暴晒无遮荫；台风季浪大不要下水,high,0,高德POI:B0FFGA8JPX,,坐标已用高德校正
P096,D057,八市第八菜市场,厦门,街区,24.457902,118.075017,无,网红,本地菜场被短视频带火；海鲜与小吃都在这,60,05:00,19:00,,,0,,74,上午人最多最有气氛,摊位上的海鲜特写；窄巷里的市井人流,07:00-11:00,1,1,0.8,0,厦门最真实的一处；沙茶面与海鲜加工都在里面,买海鲜请先问价并看秤；加工店要先谈好加工费,high,0,高德POI:B0JG9C6ZWG,,坐标未校正(高德未匹配)；坐标已用高德校正
P097,D057,南普陀寺,厦门,宗教,24.439996,118.096416,4A,经典,厦门香火最盛；紧邻厦大,70,05:00,18:00,,17:30,0,,76,上午光线穿过香烟,天王殿前的放生池配五老峰；素饼窗口的排队人流,09:00-16:00 初一十五极挤,1,1,1.5,100,倚五老峰而建；素斋与素饼是本地人也买的,免费但需预约（政策常变先查）；上五老峰要爬台阶,high,0,高德POI:B02500TPU0,,坐标已用高德校正
P098,D057,胡里山炮台,厦门,古迹,24.428803,118.106013,4A,经典,克虏伯大炮；有炮操表演,70,07:30,17:30,,17:00,25,,68,上午顺光,大炮炮口配海面；城垣的花岗岩纹理,表演时段集中,1,1,1.5,40,现存最大的十九世纪海岸炮；对着台湾海峡,炮操表演一天只有几场；去前查时间表,mid,0,高德POI:B0G30HJKAR,,门票与表演时间需核实；坐标已用高德校正
P099,D057,中山路步行街,厦门,街区,24.455453,118.079259,无,经典,老城商业主街；去轮渡的必经之路,60,全天,22:00,,,0,,72,夜间骑楼灯光,骑楼连廊的重复柱列；街尾直通海面的视觉通道,18:00-22:00,1,1,1.2,0,南洋骑楼保存成片；街尾一眼看到海是它的特别之处,主街多是连锁与游客店；往侧巷（局口街、大同路）走才有本地味,high,0,高德POI:B025003IUP,,坐标已用高德校正
P100,D057,集美学村,厦门,街区,24.574271,118.104509,4A,经典,陈嘉庚建的嘉庚风格建筑群；游客远少于鼓浪屿,90,全天,全天,,,0,,82,上午侧光打在红砖白石上,南熏楼与道南楼的嘉庚风格屋顶；龙舟池畔的长廊,较少拥挤,1,1,2.5,40,中西合璧的嘉庚建筑成片；红砖白石燕尾脊,在集美区离市区 40 分钟；地铁 1 号线可达,high,0,高德POI:B0HGTZ9JAQ,,坐标已用高德校正
P101,D057,华新路老别墅区,厦门,街区,24.460807,118.087938,无,小众,南洋归侨别墅群；本地人来喝咖啡,60,全天,全天,,,0,,80,上午树影斑驳,老别墅的铁艺门与三角梅；窄街的纵深,几乎不拥挤,1,1,1.2,0,成片的归侨别墅还在住人；厦门最安静的好看街区,是居民区，院子不要擅入；咖啡馆多为独立小店,mid,0,高德POI:B0FFGGHOWT,,坐标未校正(高德未匹配)；坐标已用高德校正
P102,D057,顶澳仔猫街,厦门,街区,24.439832,118.091684,无,小众,厦大西门外的小街；猫主题,40,全天,全天,,,0,,70,午后,墙上的猫涂鸦；台阶与晾衣绳的生活感,几乎不拥挤,1,1,0.5,20,顺路就能逛完；比曾厝垵安静得多,体量很小，二十分钟够；不必专程,mid,0,高德POI:B0LDLOTCC2,,坐标已用高德校正
P103,D057,铁路文化公园,厦门,公园,24.460383,118.102223,无,小众,废弃铁路改的步道；本地人散步,50,全天,全天,,,0,,76,日落时铁轨逆光,铁轨延伸的透视；穿过隧道的明暗对比,几乎不拥挤,1,1,2.0,30,旧鹰厦铁路支线改造；穿过老城居民区,夜间照明一般；带手机灯,mid,0,高德POI:B0FFG2UG7O,,坐标已用高德校正
P104,D057,鸿山公园与鸿山寺,厦门,公园,24.447105,118.086731,无,小众,看厦门夜景与海的免费高点；游客不知道,60,全天,全天,,,0,,84,日落后蓝调时段,从山顶俯拍厦门岛夜景与双子塔；鸿山寺红墙配夜灯,几乎不拥挤,0,1,1.5,120,徒步十几分钟就能俯瞰厦门岛与海；比双子塔观景台免费,上山台阶多；夜间下山务必带灯,mid,0,高德POI:B0250043MY,,坐标已用高德校正
P105,D057,五通灯塔公园,厦门,机位,24.523090,118.193957,无,小众,看飞机低空进场加海景；摄影人知道,70,全天,全天,,,0,,86,日落前后；起降密集时段,飞机低空掠过灯塔与海面；长焦压缩效果最好,几乎不拥挤,1,1,1.5,0,高崎机场进场航线正下方；能拍到飞机贴着海面进场,要看航班时刻表才有飞机；自驾或打车方便得多,mid,0,高德POI:B0FFK80U7F,,坐标已用高德校正
P106,D057,演武大桥观景平台,厦门,机位,24.434014,118.089166,无,小众,看双子塔与海的机位；本地人跑步,45,全天,全天,,,0,,82,日落后蓝调,双子塔倒影配跨海桥体；长曝拍车流,日落时有摄影人,1,1,1.0,0,世界上离海平面最近的城市大桥之一；双子塔全景在这里最完整,风大；三脚架要压稳,mid,0,高德POI:B0FFFAEOXO,,坐标已用高德校正
P107,D047,广府古城,邯郸,古镇,36.694280,114.729884,5A,经典,邯郸头牌；太极拳发源地之一,180,08:00,18:00,,17:00,-1,,80,上午与日落,城墙上拍护城河与芦苇荡；东门瓮城的纵深,周末与节假日,1,1,3.5,40,完整的明清城墙加水系环绕；杨露禅与武禹襄故居都在城里,在永年区距市区约 40 分钟车程；无公共交通直达建议自驾,mid,0,高德POI:B0M6D7776M,,门票与开放时间需核实；坐标已用高德校正
P108,D047,娲皇宫,邯郸,宗教,36.639939,113.618874,5A,经典,涉县北齐石窟加悬空楼阁,150,08:00,18:00,,17:00,-1,,84,上午侧光打在楼阁上,悬空的娲皇阁贴崖而建；北齐摩崖刻经的密度,农历三月庙会极挤,0,1,3.0,300,北齐摩崖刻经是国内现存最早最大的一处；楼阁用铁索系于崖壁,在涉县距市区约 2 小时车程；台阶极多老人吃力,mid,0,高德POI:B0136018IX,,门票与开放时间需核实；坐标已用高德校正
P109,D047,响堂山石窟,邯郸,古迹,36.533202,114.161286,4A,小众,北齐皇家石窟；知名度远低于云冈龙门,120,08:30,17:30,,17:00,-1,,82,上午光线进窟,北洞的塔形窟龛；残存造像的体量与衣纹,几乎不拥挤,1,0,2.0,200,北齐皇室开凿的石窟，雕刻水准与云冈龙门同级但游客极少,部分造像头部在民国被盗，看的时候心里有数；在峰峰矿区需自驾,mid,0,高德POI:B0LKZPEEG6,,门票与开放时间需核实；坐标已用高德校正
P110,D047,武灵丛台,邯郸,古迹,36.616562,114.490777,4A,经典,赵武灵王阅兵台；在市区丛台公园内,60,06:00,21:00,,,-1,,70,上午与日落,台体的层叠与古柏；台上俯拍公园水面,周末本地人多,1,1,1.5,40,战国赵国的遗迹本体就在市中心；公园是本地人日常,体量不大，一小时足够；不要期待大型遗址,mid,0,高德POI:B0FFGORGZ2,,门票需核实；坐标已用高德校正
P111,D047,邯郸市博物馆,邯郸,博物馆,36.615275,114.496125,国家级博物馆,经典,赵文化与磁州窑主题,90,09:00,17:00,周一,16:00,0,,58,室内为主,磁州窑白地黑花的器物特写,周末,1,1,1.5,0,看懂赵国与磁州窑的前置课；免费,周一闭馆,mid,0,高德POI:B0FFJ00QVQ,,坐标已用高德校正
P112,D047,邺城遗址与邺城博物馆,邯郸,博物馆,36.288664,114.420232,无,小众,曹魏邺都原址；几乎没有游客,100,09:00,17:00,周一,16:00,-1,,66,上午,博物馆的北朝佛造像；遗址区的夯土台基,几乎不拥挤,1,0,2.0,20,三国邺城与北朝六朝古都的原址；佛造像质量很高,在临漳县距市区约 1 小时；遗址本体多为夯土需要想象力,mid,0,高德POI:B01360NIVL,,门票与开放时间需核实；坐标已用高德校正
P113,D047,黄粱梦吕仙祠,邯郸,宗教,36.680812,114.492789,无,小众,黄粱美梦典故的出处,50,08:30,17:30,,17:00,-1,,64,上午,祠内的卧游殿与古柏,几乎不拥挤,1,1,0.8,0,成语黄粱一梦就出自这里；邯郸成语典故的实地之一,体量小，半小时到一小时；在市区北郊,low,0,高德POI:B0136014DN,,门票与开放时间需核实；坐标已用高德校正
P114,D047,回车巷与成语典故街区,邯郸,街区,36.62,114.483,无,小众,将相和的发生地；市区窄巷,40,全天,全天,,,0,,62,上午,巷口石碑配窄巷纵深,几乎不拥挤,1,1,0.6,0,蔺相如让路给廉颇的那条巷子；邯郸作为成语之都最具体的一处,就是一条小巷加石碑，二十分钟够；顺路看即可,low,0,,,坐标未校正(高德未匹配)
P115,D047,京娘湖,邯郸,自然,36.888382,113.953734,4A,小众,武安山区水库；本地人夏季避暑,150,08:00,18:00,,17:00,-1,,78,上午水面平静有倒影,坐船拍两岸峡谷；高处俯拍湖湾,暑期周末本地客多,1,1,3.0,250,太行山东麓的峡谷水库；坐船加徒步,在武安距市区约 1.5 小时；冬季水位低景观一般,low,0,高德POI:B0FFM1FBW8,,门票与开放时间需核实；坐标已用高德校正
P116,D047,一二九师司令部旧址,邯郸,纪念馆,36.589111,113.635559,5A,经典,红色旅游；与娲皇宫同在涉县可连着走,90,08:00,18:00,,17:00,0,,60,上午,旧址院落的石墙与老屋,团队参观较多,1,1,2.0,60,抗战时期八路军一二九师指挥部原址；免费,在涉县；建议与娲皇宫同日安排省一趟车程,mid,0,高德POI:B0FFGRN42E,,坐标已用高德校正
P117,D023,橘子洲头,长沙,公园,28.186830,112.962069,5A,网红,长沙最标志性的一处；毛泽东雕像,90,07:00,22:00,,,0,,80,日落时逆光；周末夜间有烟火,青年毛泽东雕像的侧逆光；洲头看湘江两岸天际线,周末与烟火夜极挤,1,1,3.0,20,湘江中央的长洲；免费且能看两岸城市,洲很长，建议坐观光车；烟火夜人流管制要早去,high,0,高德POI:B0G3AACD5T,,坐标已用高德校正
P118,D023,岳麓山与爱晚亭,长沙,自然,28.180437,112.937564,5A,经典,岳麓书院与爱晚亭都在山下,150,06:00,22:00,,,0,,82,上午与日落；11 月下旬红叶,爱晚亭配红叶；山顶俯拍长沙城与湘江,周末与秋色期,1,1,4.5,300,千年学府岳麓书院在山脚，爱晚亭在半山；免费,登顶约 1 小时；有索道。书院单独收费,high,0,高德POI:B02DB06929,,坐标已用高德校正
P119,D023,岳麓书院,长沙,景点,28.180608,112.939203,无,经典,千年学府；北宋至今,90,07:30,18:00,,17:30,-1,,80,上午光线穿过庭院,"讲堂的""实事求是""匾；赫曦台与百泉轩的庭院",10:00-16:00,1,1,1.5,40,中国现存最完整的古代书院；朱熹王阳明都在这讲过学,在岳麓山脚，与爱晚亭连着走。门票需单独买,high,0,高德POI:B0L2CAH2E5,,门票需核实；坐标已用高德校正
P120,D023,湖南博物院,长沙,博物馆,28.211876,112.993499,国家级博物馆,经典,马王堆辛追夫人与素纱襌衣,180,09:00,17:00,周一,16:00,0,BK029,62,室内为主,马王堆展区的 T 形帛画；素纱襌衣的透光,全天满载,1,1,2.5,0,马王堆汉墓的全部核心文物都在这；免费但需预约,需预约且周一闭馆；辛追墓展区假期排队久,high,0,高德POI:B02DB00018,,坐标已用高德校正
P121,D023,太平老街,长沙,街区,28.193587,112.972061,无,网红,长沙最热门的小吃街,60,全天,23:00,,,0,,70,夜间灯笼与招牌,窄街的招牌层叠；贾谊故居门口,18:00-23:00 全天满载,1,1,0.8,0,老街格局还在；茶颜悦色与小吃集中,是游客街，价格偏高；本地人更多去坡子街或社区店,high,0,高德POI:B02DB04LLB,,坐标已用高德校正
P122,D023,五一广场与IFS,长沙,街区,28.196500,112.977340,无,网红,长沙商业核心；KAWS 雕塑在楼顶,60,全天,22:00,,,0,,72,日落后夜景,IFS 楼顶的 KAWS 雕塑；广场夜间人流长曝,周末全天,1,1,1.0,0,长沙夜经济的中心；地铁 1/2 号线交汇,周末人极多；楼顶雕塑要进商场坐扶梯上去,high,0,高德POI:B02DB066DT,,坐标已用高德校正
P123,D023,杜甫江阁,长沙,机位,28.185242,112.968592,无,小众,看湘江夜景与橘子洲的免费机位,50,全天,22:00,,,0,,84,日落后蓝调时段,阁楼配湘江夜色；对岸岳麓山与城市天际线,日落时有摄影人,1,1,1.0,30,湘江边的免费高点；拍长沙夜景最省事的位置,阁内可能收费，外围平台免费,mid,0,高德POI:B0FFGLQSDS,,是否收费需核实；坐标已用高德校正
P124,D023,长沙简牍博物馆,长沙,博物馆,28.184854,112.983130,无,小众,三国吴简；游客极少,80,09:00,17:00,周一,16:00,0,,60,室内为主,简牍的排列特写,几乎不拥挤,1,0,1.2,0,十万枚三国吴简出土于此；研究三国最直接的实物,周一闭馆；内容偏专业，没兴趣会觉得枯燥,mid,0,高德POI:B02DB030GI,,坐标已用高德校正
P125,D023,谢子龙影像艺术馆,长沙,博物馆,28.117771,112.947357,无,小众,白色清水混凝土建筑；摄影爱好者与建筑迷,90,10:00,18:00,周一,17:30,-1,,88,午后强光时墙面明暗最好,白墙与楼梯的几何切割；天井的光线,周末下午,1,1,1.0,0,国内少见的专业影像艺术馆；建筑本身比展览更出片,周一闭馆；展览换期时可能只开部分,mid,0,高德POI:B0LK34YPJF,,票价需核实；坐标已用高德校正
P126,D023,开福寺,长沙,宗教,28.223017,112.978286,无,小众,长沙香火最盛的古寺；本地人常来,50,06:00,17:30,,17:00,-1,,68,上午,山门前的放生池；殿前香烟,初一十五较挤,1,1,0.8,0,五代十国始建；市区内少有的清静处,体量不大，半小时到一小时,mid,0,高德POI:B02DB0WYUF,,门票需核实；坐标已用高德校正
P127,D024,袁家界,张家界,自然,29.347125,110.440125,5A,网红,阿凡达悬浮山取景地,180,07:00,18:00,,17:00,-1,BK040,94,清晨有云海；日落侧光,乾坤柱（哈利路亚山）配云海；天下第一桥的框景,09:00-15:00 极挤,0,1,5.0,200,石英砂岩峰林最震撼的一段；乾坤柱就是悬浮山原型,要坐百龙天梯上下，天梯排队常超 1 小时 —— 这是真瓶颈不是门票,high,0,高德POI:B0FFL2S92G,,坐标已用高德校正
P128,D024,天子山与贺龙公园,张家界,自然,29.381688,110.495057,5A,经典,看峰林全景的最佳段,150,07:00,18:00,,17:00,-1,BK040,92,清晨云海；日落,御笔峰的峰林群；西海石林的层次,10:00-15:00,0,1,4.0,150,峰林的全景视角比袁家界更开阔,需坐天子山索道；与袁家界同日会很累，建议分两天,high,0,高德POI:B02E800EEW,,坐标已用高德校正
P129,D024,金鞭溪,张家界,自然,29.335822,110.445812,5A,经典,谷底徒步路线；不用坐索道,150,07:00,18:00,,16:00,-1,BK040,86,上午光线从峰顶漏下,溪水配两侧峰壁；金鞭岩的仰角,09:00-15:00,1,1,7.0,50,全程平路沿溪走，是景区里最轻松的一段,全程约 7 公里要走 2-3 小时；老人可只走前半段,high,0,高德POI:B0FFFFJSE9,,坐标已用高德校正
P130,D024,天门山与玻璃栈道,张家界,自然,29.048270,110.487589,5A,网红,天门洞与玻璃栈道；与武陵源是两个景区,210,08:00,17:00,,16:00,-1,,90,上午顺光,天门洞的巨大穿洞；999 级天梯的纵深,09:00-15:00 极挤,0,0,6.0,400,世界最长索道直达山顶；天门洞是天然穿山巨洞,和武陵源核心景区门票分开买，别搞混。怕高的人玻璃栈道可绕行,high,0,高德POI:B0FFF3CRLZ,,坐标已用高德校正
P131,D024,十里画廊,张家界,自然,29.371169,110.482585,5A,小众,有小火车代步；比袁家界人少,90,07:00,18:00,,17:00,-1,BK040,84,上午,三姐妹峰；谷内小火车轨道的线条,较少拥挤,1,1,2.5,60,谷底平路加小火车，体力消耗最小的一段,小火车另收费；步行也能走完,mid,0,高德POI:B0FFFDPVAG,,坐标已用高德校正
P132,D025,沱江吊脚楼群,湘西,街区,27.946535,109.608557,4A,网红,凤凰的招牌画面；夜景是核心,90,全天,全天,,,0,,88,日落后 20-40 分钟灯全亮,虹桥往北拍吊脚楼倒影；跳岩上拍江面,19:00-22:00,1,1,1.5,0,吊脚楼沿江成片；夜里灯亮起来才是凤凰,白天观感普通；只安排白天等于没看到凤凰,high,0,高德POI:B0FFGEZPVN,,坐标已用高德校正
P133,D025,虹桥与万名塔,湘西,古迹,27.947626,109.608240,无,经典,沱江上的风雨桥,40,全天,22:00,,,0,,80,日落与夜间,从下游拍虹桥配吊脚楼；桥上看江,夜间,1,1,0.5,20,明代风雨桥；凤凰的地理中心,桥上二层可能收费；桥下走免费,mid,0,高德POI:B02E7002WY,,是否收费需核实；坐标已用高德校正
P134,D025,沈从文故居与墓地,湘西,景点,27.947114,109.602778,无,小众,边城作者的家；游客大多路过不进,45,08:00,17:30,,17:00,-1,,66,上午,故居天井的老木构；墓地在听涛山上可俯瞰沱江,几乎不拥挤,1,0,1.2,80,读过边城再来这里才有意思；墓地那段江景很好,故居体量小；墓地要爬一段山路,mid,0,高德POI:B02E700E9H,,门票需核实；坐标已用高德校正
P135,D025,南华山与古城墙,湘西,机位,27.947518,109.606157,无,小众,俯拍古城全景的机位；游客很少爬,70,全天,18:00,,,0,,86,日落后蓝调；清晨有雾,山腰平台俯拍整个古城与沱江,几乎不拥挤,0,0,2.0,200,凤凰全景只能从这里拍到；比在城里拍高一个层次,要爬约 30 分钟山路；夜间下山务必带灯,mid,0,高德POI:B0K1F1RVGV,,坐标已用高德校正
