transit_id,poi_id,city,mode,line_name,station_name,walk_min,taxi_min,taxi_price,note,src_confidence,verified,source_url,last_check_date
T001,P001,成都,地铁,地铁4号线,宽窄巷子,5,,,站名与景点同名最好找,high,0,,
T002,P002,成都,地铁,地铁2号线与3号线,春熙路,8,,,太古里与大慈寺从春熙路站步行可达,high,0,,
T003,P003,成都,地铁,地铁8号线,东郊记忆,3,,,站名与景点同名,mid,0,,
T004,P005,成都,地铁,地铁3号线,高升桥,15,,,武侯祠离地铁略远；步行约 15 分钟或换公交,mid,0,,
T005,P006,成都,地铁,地铁4号线,草堂北路,12,,,杜甫草堂东门方向,mid,0,,
T006,P007,成都,地铁,地铁7号线,金沙博物馆,6,,,站名与景点同名,mid,0,,
T007,P008,成都,地铁,地铁2号线,人民公园,3,,,鹤鸣茶社在人民公园内，进园后再走约 5 分钟,high,0,,
T008,P009,成都,打车,—,—,,15,20,望江楼公园轨道覆盖一般；打车更省事,low,0,,
T009,P011,成都,打车,—,—,,60,120,龙泉山无轨道交通；必须自驾或打车,mid,0,,单程估价往返需议价或用网约车
T010,P012,成都,动车,成灌城际,都江堰,20,,,从成都东站或犀浦站乘城际铁路到都江堰站后换公交或打车,high,0,,
T011,P035,成都,打车,—,—,,40,80,街子古镇需从崇州或都江堰方向换乘；建议自驾,mid,0,,
T012,P013,西安,地铁,地铁3号线,大雁塔,10,,,大唐不夜城在大雁塔南广场一侧,high,0,,
T013,P014,西安,地铁,地铁3号线,大雁塔,8,,,站名与景点同名,high,0,,
T014,P016,西安,地铁,地铁2号线,钟楼,8,,,回民街从钟楼站北院门方向出,high,0,,
T015,P017,西安,公交,游5路或914路,西安火车站东广场,,,,兵马俑无地铁直达；从火车站东广场坐游5路约 1 小时,mid,0,,班次与站点需核实
T016,P018,西安,地铁,地铁2号线,小寨,12,,,陕历博在小寨东路一侧,mid,0,,
T017,P019,西安,地铁,地铁2号线,永宁门,3,,,城墙南门即永宁门；是最主要的登城口,high,0,,
T018,P020,西安,地铁,地铁2号线,南稍门,10,,,小雁塔与西安博物院同一园区,mid,0,,
T019,P021,西安,打车,—,—,,45,90,汉阳陵在城北较远；公共交通不便,mid,0,,
T020,P022,西安,地铁,地铁4号线,大明宫北,8,,,大明宫遗址公园范围很大；注意选对出入口,mid,0,,
T021,P023,西安,打车,—,—,,70,150,水陆庵在蓝田县；建议包车或自驾,low,0,,
T022,P024,杭州,地铁,地铁1号线,龙翔桥,10,,,断桥白堤从龙翔桥站往湖滨方向步行,high,0,,
T023,P025,杭州,公交,4路或涌金门方向公交,净寺,3,,,雷峰塔对面即净慈寺；地铁覆盖一般,mid,0,,
T024,P026,杭州,公交,324路或龙井方向公交,九溪,5,,,九溪烟树需公交或打车；无地铁直达,mid,0,,
T025,P027,杭州,公交,27路或龙井方向公交,龙井村,3,,,龙井村无地铁；建议公交或打车,mid,0,,
T026,P028,杭州,公交,7路或游2线,灵隐,5,,,灵隐寺无地铁直达；节假日公交也很挤,high,0,,
T027,P030,杭州,地铁,地铁1号线,龙翔桥,15,,,苏堤北端从龙翔桥步行；南端建议从净寺方向进,mid,0,,
T028,P033,杭州,地铁,地铁1号线,凤起路,12,,,宝石山从黄龙洞或葛岭登山口上；步行登山约 20 分钟,mid,0,,
T029,P034,杭州,地铁,地铁2号线,良渚,,20,35,良渚站出来还需打车或接驳车约 20 分钟到遗址公园,mid,0,,
T030,P036,杭州,打车,—,—,,35,70,莫干山从德清站打车上山；山路盘旋,mid,0,,
T031,P037,重庆,地铁,地铁1号线与6号线,小什字,8,,,洪崖洞从小什字站步行可达,high,0,,
T032,P038,重庆,地铁,地铁2号线,李子坝,1,,,观景平台就在车站旁,high,0,,
T033,P039,重庆,地铁,地铁1号线,鹅岭,12,,,二厂在鹅岭公园方向；有上坡,mid,0,,
T034,P040,重庆,地铁,地铁1号线,磁器口,5,,,站名与景点同名,high,0,,
T035,P041,重庆,地铁,地铁1号线与2号线,较场口,6,,,解放碑从较场口或小什字均可,high,0,,
T036,P042,重庆,地铁,地铁1号线与6号线,小什字,10,,,与洪崖洞同站可顺路,mid,0,,
T037,P043,重庆,地铁,地铁1号线与2号线,较场口,8,,,从较场口方向进入步道北端,mid,0,,
T038,P044,上海,地铁,地铁2号线与10号线,南京东路,10,,,从南京东路站往外滩方向步行,mid,0,,
T039,P045,上海,地铁,地铁2号线,陆家嘴,3,,,出站即是环形天桥,mid,0,,
T040,P046,上海,地铁,地铁14号线,豫园,5,,,站名与景点同名,mid,0,,
T041,P047,上海,地铁,地铁6号线与18号线,世纪大道或杨高中路,12,,,东馆在浦东花木；与人民广场老馆不是一个地方,mid,0,,
T042,P048,上海,地铁,地铁10号线与11号线,上海图书馆,8,,,从上海图书馆站往武康大楼方向,mid,0,,
T043,P049,上海,地铁,地铁10号线与11号线,交通大学,12,,,,mid,0,,
T044,P050,上海,地铁,地铁11号线,云锦路,8,,,,mid,0,,
T045,P051,上海,地铁,地铁4号线,杨树浦路,12,,,,mid,0,,
T046,P052,上海,地铁,地铁6号线,民生路,15,,,,mid,0,,
T047,P053,上海,地铁,地铁10号线与13号线,新天地,5,,,,mid,0,,
T048,P054,上海,地铁,地铁9号线,打浦桥,5,,,,mid,0,,
T049,P055,上海,打车,—,—,,120,260,需过长江隧桥；强烈建议自驾,mid,0,,
T050,P056,苏州,地铁,地铁6号线,北园路或相门,12,,,,mid,0,,
T051,P057,苏州,地铁,地铁2号线,山塘街,15,,,,mid,0,,
T052,P058,苏州,地铁,地铁6号线,相门,10,,,,mid,0,,
T053,P059,苏州,地铁,地铁6号线,北园路,12,,,与拙政园相邻可同日,mid,0,,
T054,P060,苏州,地铁,地铁2号线,山塘街,5,,,站名与景点同名,mid,0,,
T055,P061,苏州,公交,游1路或32路,虎丘,5,,,无地铁直达,mid,0,,
T056,P062,苏州,地铁,地铁6号线,相门,12,,,,mid,0,,
T057,P064,南京,地铁,地铁2号线,苜蓿园,12,,,也可坐景区观光车,mid,0,,
T058,P065,南京,地铁,地铁2号线,下马坊,20,,,下车后换景区观光车更省力,mid,0,,
T059,P066,南京,地铁,地铁2号线,明故宫,8,,,,mid,0,,
T060,P067,南京,地铁,地铁2号线,云锦路,5,,,,mid,0,,
T061,P068,南京,地铁,地铁3号线,夫子庙,5,,,站名与景点同名,mid,0,,
T062,P069,南京,地铁,地铁3号线,武定门,10,,,,mid,0,,
T063,P070,南京,地铁,地铁3号线与4号线,鸡鸣寺,8,,,与鸡鸣寺同一入口区域,mid,0,,
T064,P071,南京,地铁,地铁3号线与4号线,鸡鸣寺,5,,,站名与景点同名,mid,0,,
T065,P072,南京,地铁,地铁2号线,上海路,10,,,,mid,0,,
T066,P073,南京,公交,南栖线或游4路,栖霞山,5,,,无地铁；市区过去约1小时,mid,0,,
T067,P074,南京,地铁,地铁11号线,浦洲路,15,,,过江后换乘,mid,0,,
T068,P075,南京,地铁,地铁2号线与3号线,大行宫,6,,,,mid,0,,
T069,P076,北京,地铁,地铁1号线,天安门东,10,,,午门入场；不要走神武门,mid,0,,
T070,P077,北京,地铁,地铁8号线,什刹海或南锣鼓巷,15,,,故宫神武门出来步行可达；可与故宫连着走,mid,0,,
T071,P078,北京,动车,市郊铁路S2线,八达岭,10,,,也可从德胜门坐877路；S2线需提前买票,mid,0,,
T072,P079,北京,地铁,地铁5号线,天坛东门,5,,,,mid,0,,
T073,P080,北京,地铁,地铁4号线,北宫门,5,,,北宫门进园离佛香阁近,mid,0,,
T074,P081,北京,地铁,地铁1号线,天安门东,8,,,需先过天安门广场安检,mid,0,,
T075,P082,北京,地铁,地铁2号线与5号线,雍和宫,3,,,站名与景点同名,mid,0,,
T076,P083,北京,地铁,地铁6号线与8号线,南锣鼓巷,3,,,站名与景点同名,mid,0,,
T077,P084,北京,地铁,地铁14号线,将台,15,,,,mid,0,,
T078,P085,北京,地铁,地铁8号线,天桥,12,,,在先农坛内,mid,0,,
T079,P086,北京,地铁,地铁2号线,朝阳门,12,,,在禄米仓胡同里不好找,mid,0,,
T080,P087,北京,地铁,地铁2号线与4号线,阜成门,8,,,,mid,0,,
T081,P088,北京,地铁,地铁4号线,国家图书馆,15,,,在动物园后身白石桥附近,mid,0,,
T082,P089,北京,打车,—,—,,100,300,无轨道交通；包车或旅游巴士,mid,0,,
T083,P090,成都,地铁,地铁3号线,熊猫大道,10,,,3 号线熊猫大道站下车后需换公交或步行,mid,0,,
T084,P091,厦门,轮渡,厦鼓轮渡,厦鼓码头（东渡邮轮中心）,0,,,白天从邮轮中心码头走，夜间部分班次在轮渡码头；船票要提前买,high,0,,
T085,P092,厦门,公交,1路或magic线,厦大西村,5,,,地铁到中山路再换公交；也可从南普陀步行过去,mid,0,,
T086,P093,厦门,公交,29路或快线,曾厝垵,5,,,无地铁直达,mid,0,,
T087,P094,厦门,地铁,地铁1号线,中山路,12,,,,mid,0,,
T088,P095,厦门,公交,29路或环岛路专线,黄厝,8,,,无地铁；建议租自行车沿环岛路骑,mid,0,,
T089,P096,厦门,地铁,地铁1号线,中山路,8,,,,mid,0,,
T090,P097,厦门,公交,1路或21路,厦大,5,,,与厦大同一区域,mid,0,,
T091,P098,厦门,公交,2路或29路,胡里山,5,,,,mid,0,,
T092,P099,厦门,地铁,地铁1号线,中山路,2,,,站名与景点同名,high,0,,
T093,P100,厦门,地铁,地铁1号线,集美学村,8,,,地铁 1 号线跨海段本身就是风景,high,0,,
T094,P101,厦门,地铁,地铁1号线,将军祠,12,,,,mid,0,,
T095,P102,厦门,公交,1路或21路,厦大西村,6,,,在厦大西门外,mid,0,,
T096,P103,厦门,地铁,地铁1号线,将军祠,10,,,,mid,0,,
T097,P104,厦门,地铁,地铁1号线,中山路,15,,,出站后要爬十几分钟台阶,mid,0,,
T098,P105,厦门,打车,—,—,,25,40,地铁 2 号线五通站再打车；建议直接打车,mid,0,,
T099,P106,厦门,地铁,地铁1号线,中山路,18,,,也可从沙坡尾沿海边走过去,mid,0,,
T100,P107,邯郸,打车,—,—,,40,80,邯郸全市无地铁；自驾或包车最现实，也有旅游专线但班次少,mid,0,,
T101,P108,邯郸,打车,—,—,,120,260,在涉县约 2 小时车程；建议与一二九师旧址同日包车,mid,0,,
T102,P109,邯郸,打车,—,—,,50,100,在峰峰矿区；无直达公交建议自驾,mid,0,,
T103,P110,邯郸,公交,市区多路公交,丛台公园,3,,,在市中心，公交或步行可达,high,0,,
T104,P111,邯郸,公交,市区多路公交,博物馆,5,,,,high,0,,
T105,P112,邯郸,打车,—,—,,60,130,在临漳县；公共交通不便,mid,0,,
T106,P113,邯郸,公交,市区公交,黄粱梦,8,,,在市区北郊,low,0,,
T107,P114,邯郸,公交,市区多路公交,城内中街,5,,,在老城区，与丛台公园可连着走,mid,0,,
T108,P115,邯郸,打车,—,—,,90,200,在武安山区；必须自驾,low,0,,
T109,P116,邯郸,打车,—,—,,115,250,在涉县；与娲皇宫同日安排省一趟车程,mid,0,,
T110,P117,长沙,地铁,地铁2号线,橘子洲,5,,,站名与景点同名；洲很长建议再坐观光车,high,0,,
T111,P118,长沙,地铁,地铁2号线,溁湾镇,15,,,也可坐 4 号线湖南大学站,high,0,,
T112,P119,长沙,地铁,地铁4号线,湖南大学,12,,,,high,0,,
T113,P120,长沙,地铁,地铁1号线,开福寺,15,,,出站后仍需步行或换公交,mid,0,,
T114,P121,长沙,地铁,地铁1号线与2号线,五一广场,6,,,,high,0,,
T115,P122,长沙,地铁,地铁1号线与2号线,五一广场,2,,,站名与景点同名,high,0,,
T116,P123,长沙,地铁,地铁1号线,湘江中路,8,,,,mid,0,,
T117,P124,长沙,地铁,地铁1号线,南门口,12,,,,mid,0,,
T118,P125,长沙,地铁,地铁3号线,洋湖湿地公园,15,,,在洋湖片区，离市中心较远,mid,0,,
T119,P126,长沙,地铁,地铁1号线,开福寺,8,,,站名与景点同名,high,0,,
T120,P127,张家界,景区交通,百龙天梯或环保车,天子山门票站,,,,**百龙天梯排队常超 1 小时**，赶第一班或改走金鞭溪上山,high,0,,
T121,P128,张家界,景区交通,天子山索道或环保车,天子山门票站,,,,索道与天梯分开排队；建议与袁家界分两天,high,0,,
T122,P129,张家界,景区交通,环保车,森林公园门票站,10,,,不用索道，进门就能走,high,0,,
T123,P130,张家界,打车,—,—,,20,30,在市区（永定区）附近，与武陵源是两个方向,high,0,,
T124,P131,张家界,景区交通,十里画廊小火车,十里画廊入口,5,,,小火车另收费；也可步行,mid,0,,
T125,P132,湘西,步行,—,古城内,0,,,古城内全部步行可达,high,0,,
T126,P133,湘西,步行,—,古城内,0,,,,high,0,,
T127,P134,湘西,步行,—,古城内,5,,,墓地在听涛山需爬一段,mid,0,,
T128,P135,湘西,步行,—,古城南门,10,,,从南门上山约 30 分钟,mid,0,,
